category,title,company,location,salary,type,link,source,salary_numeric,has_salary_info
Software Engineer,Full Stack Engineer,Humana,Remote in Texas,,Remote,https://www.indeed.com/rc/clk?jk=cdd3226105bf1d88&bb=MeYs90wjQ9lS1-DgNJP9QZpNvouj5s2XhLImt_e-Y-Dgx_SxqLRWhaNU7J-gD_QdcXE1Pd74LGdX0O46uF6GqfpAIjADzZjwoC2k2F2HaxhzhcGrb6JeKlARjKge7ImY&xkcb=SoAY67M3lunr9rxSzJ0JbzkdCdPP&fccid=5f1f0e6dcc6cbc83&vjs=3,Indeed,,False
Software Engineer,"Software Development Engineer, Siri Runtime Systems and Interaction",Apple,"Sunnyvale, CA",,Remote,https://www.indeed.com/rc/clk?jk=9015330ae77c002e&bb=MeYs90wjQ9lS1-DgNJP9QYpgOTm2cFO_bPnAimchkqhiYSc2FfLctyOecaqXjcI0H2LM8plt47zeyPM-lFIZaudMO7WnarV9FUxUJhy6iEhJf0qiCsyl9Ommy-gj1-8Y&xkcb=SoCs67M3lunr9rxSzJ0IbzkdCdPP&fccid=c1099851e9794854&vjs=3,Indeed,,False
Software Engineer,Software Engineer - Creator Studio,Apple,"Cary, NC",,Remote,https://www.indeed.com/rc/clk?jk=d5517b9db5e6c500&bb=MeYs90wjQ9lS1-DgNJP9QRpj3Jzw6aHQ-BaDhKH6ZT27tYzTkmH_QZrNWu1I8pBzTdu1Ceh_1oYZUWkKXiSDavLUfBY5ftxlM0S9Nk5jRdyp-SUv8B3pf0VRibj78qrW&xkcb=SoAi67M3lunr9rxSzJ0PbzkdCdPP&fccid=c1099851e9794854&vjs=3,Indeed,,False
Software Engineer,Software Engineer,Lockheed Martin Corporation,"Houston, TX",,Remote,https://www.indeed.com/rc/clk?jk=c6c70c59499588b0&bb=MeYs90wjQ9lS1-DgNJP9Qd-9dnIqf03OuO7sr5h2y25vDy50ZQgVzRTYOKBkZHqX92gk9VgBVdl8WNaqiGSSoEK8B9KuJbarbz0OKyjK6WOmaw8nqJ9gEFm4B9OOr3mg&xkcb=SoCW67M3lunr9rxSzJ0ObzkdCdPP&fccid=aeb15e43a6800b9d&vjs=3,Indeed,,False
Software Engineer,Software Engineer Level 2,Northrop Grumman,"Aurora, CO",,Remote,https://www.indeed.com/rc/clk?jk=e5248f4cd26c56aa&bb=MeYs90wjQ9lS1-DgNJP9QUo3K3Axou_yTQ0EJjLLz2xRvvXwDgktHDO2d5BlI-HMnnZq-Iaj8Tf9FbfUmpovBztRz8X56MzdqbWokLqybcAOUAv_FwK8cPi5sIERpz5G&xkcb=SoAL67M3lunr9rxSzJ0NbzkdCdPP&fccid=11619ce0d3c2c733&vjs=3,Indeed,,False
Software Engineer,2026 Associate Software Engineer,Northrop Grumman,"Manhattan Beach, CA 90266",,Remote,https://www.indeed.com/rc/clk?jk=a4850687ed0d2960&bb=MeYs90wjQ9lS1-DgNJP9QTtFFytjf5azVqu4qHCxKIn0_dkZPJppO_QMzDQnk0t-xyxNk885nBoCr8PTc-JVw97XhAwIYASW65RZaaXhnQp2mBeDRQLmhKR29LAZDS4-&xkcb=SoB_67M3lunr9rxSzJ0BbzkdCdPP&fccid=11619ce0d3c2c733&vjs=3,Indeed,,False
Software Engineer,Senior Software Engineer,Pearson,"Remote in Trenton, NJ 08629",,Remote,https://www.indeed.com/rc/clk?jk=5b7f74856db99ea5&bb=MeYs90wjQ9lS1-DgNJP9Qff7l7Ab2NrgW49iB9kZ1tr8IMYiuHlenSs-3Il5nmtmUT5skg0dV-lG_BNAsTCDtPSNsQeea8lR_1Vw1wrDUOuNuUjH81p_MDUe0ZBdLKcy&xkcb=SoDL67M3lunr9rxSzJ0AbzkdCdPP&fccid=9452e7588539114c&vjs=3,Indeed,,False
Software Engineer,SENIOR PRODUCT ENGINEER - FULL STACK (REMOTE OPPORTUNITY),Hyatt Corporate Office,"Remote in Chicago, IL",,Remote,https://www.indeed.com/rc/clk?jk=b1ba44add3be3aec&bb=MeYs90wjQ9lS1-DgNJP9QRoj1yLx9wLDvwaeL0O_W0XphOG6Q-5My3-4h6-xSKv6vU24upoWFarUf12Qu9VdxIBF4SlrG5s9uGfB7mr775BQHo7HS61qADERmLK5_fg2&xkcb=SoDY67M3lunr9rxSzJ0EbzkdCdPP&fccid=b385273868d506a9&vjs=3,Indeed,,False
Software Engineer,"Software Engineer - Ads Interface & Platform, Horizontal Technology",TikTok,"San Jose, CA",,Remote,https://www.indeed.com/rc/clk?jk=3caa070242a1ec24&bb=MeYs90wjQ9lS1-DgNJP9QRoj1yLx9wLDqvCL72PoVVipGxab7Da_frO0DquFAFm1xV3eqrNG-6JpPXDbH9WbqlkAanTzMy-eIocO84v5kK10cwauaua4A5T1uDCnbTn3&xkcb=SoD_67M3lunr9rxSzJ0bbzkdCdPP&fccid=caed318a9335aac0&vjs=3,Indeed,,False
Software Engineer,[General Hire] Software Engineer - Ads Interface and Platform,TikTok,"San Jose, CA",,Remote,https://www.indeed.com/rc/clk?jk=536a3d958f72ac39&bb=MeYs90wjQ9lS1-DgNJP9QWku1xbywyUm94mFkX-WmvRJOmpOivX9fsNsbFiXjh9k0UjiJLEF32VsnaQb-FFnZ3byYeDz3tzLj70mXLAQ74-GNazjmGOEC8Wx4WaEQrJU&xkcb=SoDs67M3lunr9rxSzJ0fbzkdCdPP&fccid=caed318a9335aac0&vjs=3,Indeed,,False
Software Engineer,Software Engineer - TikTok AI Search Infrastructure,TikTok,"San Jose, CA",,Remote,https://www.indeed.com/rc/clk?jk=443d62ae320ded8b&bb=MeYs90wjQ9lS1-DgNJP9Qe5ptv4TJYzytY1p-cjiQDwXbYbkgupxSqg_5C48im9UhBw39M4vfgPuRTF2K0bJQzMClPs6nYPsF8XWrso4CbBEeCJYqc8tUtHNDG6vb25m&xkcb=SoBY67M3lunr9rxSzJ0ebzkdCdPP&fccid=caed318a9335aac0&vjs=3,Indeed,,False
Software Engineer,"Software Engineer - Model Infrastructure, TikTok Feeds",TikTok,"San Jose, CA",,Remote,https://www.indeed.com/rc/clk?jk=a113d39019f23791&bb=MeYs90wjQ9lS1-DgNJP9QTtFFytjf5azdO_R1wxuzb2Qab2AeYXrwpGezEuhIhorBDqFrZ2oc98DyKDSLEkQvFYpowaxJhHh7n-pSgGJvAF3tO1Kt7qV4vJVfyVzTPnj&xkcb=SoDF67M3lunr9rxSzJ0dbzkdCdPP&fccid=caed318a9335aac0&vjs=3,Indeed,,False
Software Engineer,"Software Engineer - Content Understanding, TikTok Feeds",TikTok,"San Jose, CA",,Remote,https://www.indeed.com/rc/clk?jk=5724fae5d0d0141f&bb=MeYs90wjQ9lS1-DgNJP9QTYM9Asa3gtXDiTS9hGRvfQKPbneP6Dx9xpdsYlXyKVXb-7bu6Dysjr_EFMAdhd3W09XOJyhsONfpIf5dpyAf_iMpLdJ2rbql_-xc1JCL-EO&xkcb=SoBx67M3lunr9rxSzJ0cbzkdCdPP&fccid=caed318a9335aac0&vjs=3,Indeed,,False
Software Engineer,Software Engineer II - AI Platform,Uber,"San Francisco, CA 94158 
(Mission Bay area)",,Remote,https://www.indeed.com/rc/clk?jk=a2518a5f098d06ef&bb=MeYs90wjQ9lS1-DgNJP9QZmtemv5vvrFv-MLAU_DRk7kZ5tu056dxr_FdvtRboGQ9h8QeF_hfQL9oyXd_fWLa-tLQqRppvNA3Ix_jAKZYEKfF8k-7G1PznK6ttAX5BqA&xkcb=SoCY67M3lunr9rxSzJ0TbzkdCdPP&fccid=f766f8bfbc3effb7&vjs=3,Indeed,,False
Software Engineer,"Backend Software Engineer, GNC (Starlink)",SpaceX,"Redmond, WA 
(SE Redmond area)",,Remote,https://www.indeed.com/rc/clk?jk=45f13cfb5b7c4739&bb=MeYs90wjQ9lS1-DgNJP9QYIN--nmmrDbOwCEi4H4SDAiv5LqTBBilIzqH6AqlO2IzKBEEipuNOrQj0RWPfgLC6idZyxMfeFu_8VBE6q3egTZk_ut9l9NVEGU7MAlaC8V&xkcb=SoAs67M3lunr9rxSzJ0SbzkdCdPP&fccid=8bc01be85b97ce0d&vjs=3,Indeed,,False
Software Engineer,Software Engineer - Radar Tracking and Multi-Sensor Fusion,CACI,Remote,,Hybrid,https://www.indeed.com/rc/clk?jk=55232d6b67baa7f2&bb=WkC3m7ZVrZ3CgsZrU6DBrH___TAHyIFa6IsOkhTnZO76Gp8wpvwWWSsVhfkFf9D4CD_3WrKuZjjXrC_vXB0OsurgIMR2XNHWhPIEU8tduKo-JWFRjMspYk5esQvcy2aCKrqRiaxoSMNw1kTLmaVpvg%3D%3D&xkcb=SoCR67M3lunpBhwVoZ0IbzkdCdPP&fccid=5fca42294cdbc080&vjs=3,Indeed,,False
Software Engineer,Application Developer,Gallagher Benefit Services,"Remote in Bloomfield Hills, MI 48302",,Hybrid,https://www.indeed.com/rc/clk?jk=5f95c79a3507c882&bb=WkC3m7ZVrZ3CgsZrU6DBrJ07DsGJz6bFQsMw_QJwoMWBuPxaCkMD2g8NCvjkiA9Nb-ivQlsEFwtjtPPtcxsOIpjGSAYx_oFmB2Y1gdeLmvRgtSiEYl-Yx4lfedU7lFC5A5lbNFYbi4qsJq5Dx_pdVLCjU9B9_M4W&xkcb=SoAf67M3lunpBhwVoZ0PbzkdCdPP&fccid=e082683e6e0bb617&vjs=3,Indeed,,False
Software Engineer,Senior Software Engineer,Core & Main,Remote in Texas,,Hybrid,https://www.indeed.com/rc/clk?jk=128d7987f14b2152&bb=WkC3m7ZVrZ3CgsZrU6DBrIaXC3pHxQekL5g4Nqlr9HN8E3bHcGb7p5DziIFJSdSSTQQzGkN9Cg214xYnxIiWKhYf-cRPE0fdpicxcJVvVc8qZvxLDDssxv4xXWe6JrC0jovlKhzru4ZMNOY1FQ2PNM3gZbrPT8_h&xkcb=SoBr67M3lunpBhwVoZ0DbzkdCdPP&fccid=192283a6daccb05d&vjs=3,Indeed,,False
Software Engineer,Senior Software Engineer - C#,Veeva Systems,Remote,,Hybrid,https://www.indeed.com/rc/clk?jk=e5cf9c2cba3e9846&bb=WkC3m7ZVrZ3CgsZrU6DBrOyPjfI3czr8pix_W6MWsIsUmnRV0pXuQckyxeCdDqZYO-R3_ZctnWnRYsn1SRI9fP-1L3XoQ1_Ppsx2cCHhVzB301fsVMzQjbjjPwrj0yUrSF2vBPp_8qOO0eNCZHa0UQ%3D%3D&xkcb=SoDf67M3lunpBhwVoZ0CbzkdCdPP&fccid=353eb997fc901045&vjs=3,Indeed,,False
Software Engineer,Software Engineer - Full Stack,Veeva Systems,Remote,,Hybrid,https://www.indeed.com/rc/clk?jk=cb9226d97e764102&bb=WkC3m7ZVrZ3CgsZrU6DBrIhP4pQNnbnxiPmyW3l3gyMzrE5V_CADSSVowp90trgqy0aHj1gji96wvjMUR7hOI-Fj7cXImK4V3e6lAXV_ZvvXNNd4NQ3bLywznwU3up4HM5dmNBkxEtRKkqE6COM23w%3D%3D&xkcb=SoDM67M3lunpBhwVoZ0GbzkdCdPP&fccid=353eb997fc901045&vjs=3,Indeed,,False
Software Engineer,Associate Software Engineer in Test,Veeva Systems,Remote,,Hybrid,https://www.indeed.com/rc/clk?jk=ed10f1fe978a2a2f&bb=WkC3m7ZVrZ3CgsZrU6DBrGaFcIpX89AwpV5UA544J4oUjefAoEGPIPW9n8QneBKMmLRnOHitLfGtabte6n7Hlgc2tu4pwA3ksfp5Y8-KENINJLCsLjfZCKcxF4MLH1eqUaftKYnrP5z5__Clme2ygg%3D%3D&xkcb=SoBR67M3lunpBhwVoZ0FbzkdCdPP&fccid=353eb997fc901045&vjs=3,Indeed,,False
Software Engineer,Senior Software Engineer - React and Typescript,Veeva Systems,Remote,,Hybrid,https://www.indeed.com/rc/clk?jk=e0f7fb633eedc2ed&bb=WkC3m7ZVrZ3CgsZrU6DBrPdUpECC2-hWVnZGDGq1CmjgZ1jY8ayxbDLzeAXxL8teOMS83O96FXLA3gWa40l4_nbrFOvT3fDkz4vicYC0uqCV3Zg2PgZgvFHNTniMFgqAyDy107GrXfoVOOlpj13WJQ%3D%3D&xkcb=SoDr67M3lunpBhwVoZ0ZbzkdCdPP&fccid=353eb997fc901045&vjs=3,Indeed,,False
Software Engineer,Sr Software Engineer,USI Holdings Corporation,Remote,,Hybrid,https://www.indeed.com/rc/clk?jk=01888b8f8304ef10&bb=WkC3m7ZVrZ3CgsZrU6DBrE-Xq9zoLUEFbcg87CWHgvjjgJAUvKIou5XcEch9V87GvRL3U_S7mKyBShKAUZqFbLdObzKMD9L9ysaIdIsl76lg_9diBxFx2gA1dQ831UlZZfbQhgdkphzTj3z9ulUETQ%3D%3D&xkcb=SoBf67M3lunpBhwVoZ0YbzkdCdPP&fccid=1799f789a0c53bdc&vjs=3,Indeed,,False
Software Engineer,Senior Software Engineer,Intone Networks,Remote,,Hybrid,https://www.indeed.com/rc/clk?jk=81770d4564a3b12e&bb=WkC3m7ZVrZ3CgsZrU6DBrN_tS6yVmbfRPa8oOjE46eXylBueQQ1s6yFX45ek_s696H8o1tjbjyPZmSd6b28RSlFlQzFk_sZksnnR2KB7GE2R-_O86Z_kAX7m8iJbu7FnYw1hfthUqBAkMCDOiX7DPw2NyY0EzpHo&xkcb=SoDR67M3lunpBhwVoZ0fbzkdCdPP&fccid=3ed0572c448b2368&vjs=3,Indeed,,False
Software Engineer,SR. SOFTWARE DEVELOPER FULL STACK - REMOTE,Palco,"Remote in Camden, AR 71701",,Hybrid,https://www.indeed.com/rc/clk?jk=f88f2407f2d9a377&bb=WkC3m7ZVrZ3CgsZrU6DBrKdYB3IPlrvYj_gGtaCtREnIiMK5wz71jaV_RaYiTdjghfxQ38Bmc5BDzSliQQKZWIP1lc2XAzJdvMZB1qmLDst40jdw0LZpEsdUYlkOD9_7x5dYuyomcBb5D1tBDCz1HmioJC5bNUpe&xkcb=SoBl67M3lunpBhwVoZ0ebzkdCdPP&fccid=2098600f1d8e3048&vjs=3,Indeed,,False
Software Engineer,"Fullstack + AI Engineer - TX, USA (Remote)",Photon,Remote in Texas,,Hybrid,https://www.indeed.com/rc/clk?jk=6cd05723cc3cfcd3&bb=WkC3m7ZVrZ3CgsZrU6DBrBBeUHh8B--vfTxLcSJBgXk2-VHpNNgPFCrtfvIJ0L0UkMw3yx9B2nDzGfuL-OypmP5Jt6VW80wY8VPLSIPpRyASdjWl99P_EWI1-1ezr9jBJwaDFH1Vp65qXL98wuw_iA%3D%3D&xkcb=SoD467M3lunpBhwVoZ0dbzkdCdPP&fccid=2385f8ebf01f1b76&vjs=3,Indeed,,False
Software Engineer,Staff Software Engineer - Streaming Data Platform,"Fanatics Loyalty, LLC","Remote in New York, NY",,Hybrid,https://www.indeed.com/rc/clk?jk=3a2c0a817855c4c5&bb=WkC3m7ZVrZ3CgsZrU6DBrEWWRQnqCA0W3yEiDKFGM9B2QpdJP3VsI4Vs2tRT-tjpO8a-KM1pNXf7i7IGew_ryAXFbkkkdmpSRJRkNk4RtKjGyrUSjkjADO1p4dZfvWxO4sz9iGFEtva0rhWf66gSJQ%3D%3D&xkcb=SoBM67M3lunpBhwVoZ0cbzkdCdPP&fccid=316c778b7bc10b48&vjs=3,Indeed,,False
Data Analyst,Data Reporting Analyst,SUN Behavioral Houston,"Remote in Columbus, OH 43229",,Remote,https://www.indeed.com/pagead/clk?mo=r&ad=-6NYlbfkN0AqhNLNX1UdXUbqyZ-PXnNvlkmUuJGtcQVrOGH0Jg-_3hDS3RES3ZE6rO4zyTjCq2zHsmJbnfEhZP0iLw9sfAadu7oEdAAJWZITKL9aKUb2uWDoooPHEA9eXSdowk-vcD_SiaL6_TvpG2qItUUeEXCv0iAZI8JDKLxLjxM3ubjElor6cSi1dC2K1OnbQpkIxvALCzPxxKonZqRminLbKDUOOhq4H2ioSWVI0EdZdXEOcZpKkEoTGyL_WN8V-Nl_z2ie923SUeFBelOPrYDzZaoKPZdkx2eDHTbt2rLuXgBXl5k4-QWXnhXcu9mr_cLmR9qou6G_R5ZAkmZZFjgFjI-WjKGOzjHp94yDvRpd-BYimjQXNtdWPo5_22oruieTAKbcXqKdNvOAt4Zx3heSsi_wjx7IHMrXD2h0piRQOYXSGAwO4pBsFJh2ANox1yDx3PjCDRxA2q1BkopfN_p3Yl3rRxA11J0G1sg0aV1QJ4dL5vymGSswRKPAvCCdUCBSXHb94DaxnZuE05a_EALct7dD1U9b8RHjGtxcpMxbKZ9tEOF-kVkD9_hbOaRnmi2Y7Ud_wrpXHiuO_gZcKF7IpztLm9pIFZfC2nGEQnaaBg7GDSKpuGMrFupAPrZbZ9pLURgHT_FuTYYrwS5U4yxs3O33y4duA8kPXIJfBtEBLz-tV-KmG6pdE1Tft-sFFHuTVZItlYvmVAcnKp1vBHh6F0InsMQkrA49cZkG2hgWnQLLiTG9zDgfrwJOPH4t66yxeENZ2admkZQsusLf-eQ9BBuav3M6Hqwhn210-VnasT0BhA==&xkcb=SoAC6_M3lunhE8QUiZ0LbzkdCdPP&camk=G42KULXkIwMdZEs5fgKVkA==&p=0&fvj=0&vjs=3,Indeed,,False
Data Analyst,Sr. Transportation Data Analyst,Novolex,"Lake Forest, IL 60045",,Remote,https://www.indeed.com/pagead/clk?mo=r&ad=-6NYlbfkN0BsrnKSQOwJfoDPyVqq1mf5U08O7VL7ka47btF2vQu0cCml1Z-4FWbPuflidHTzbEzIm2guJ40dSA3J5LQevRvDjgG1hd987z-2Klr16cig9g71xjpBKba-yZru3eKmTtLhp83aE-GNGmAiA1RQYTfcj2rgvQSSZ5diix31CTrZzTjxILJ8JBFWUHuIrNsSLenwiOTOD3dSYLLs2-Tk5_qcqFVG1LWjxLKR3rWVC_t9Q8CJy2Ms2L8fkYiZFpa6npvDQuleYMEmf6ZrDjGflDbecTeifbazxHdMeK-88XWqSOGu8LZWOvlznN1h_5XYQ1qBhLNVBsx5E_p3s3yrNu1ejyzqy5hMqsg5ZJP-Kn1SXksscin89dIuf_52iLlUu9ypWwbzUTcGE8_I8nLEELskSG99HjHx8-0VFWufxJvqgzIExWnSL_KNpHSXM3SualLDZvcY1smS45KKgS0Y9kiLvc0oqB0yHesLyyC6DYJ0Mt6IavabG8_f66t-zZmsd05Lc657oLWV0cz6d9jYrpiTMQFYElCEl1RAGGEPwgoeaDkoDgznuHg3He4mpO88gFo4ogg-YD7ZD0aRmZbqcIXvgTB236MmbWNoAplJ7VUhx1fEQuaqU3yHm02slQQ0UUvxIZ1BM36vuoMd0_UMNupySiHcVGiY5f9MpkSSl5jgWuJD4od142IMZfpDL8ZeO1KLjSJJgv999ugWoVVxwxmIh8_atIMcO3Yt_aqAzbok8VDLfi1ol40ga1TnsvxdpJRG_YdZfbV_pSV52Ec7bDrD91oFFFAwgwC7bg0wTMh4nF4u0gMDNcljIv886b7TFy5vqIoXX3CTByiOYBFydqppgOfG6V7vNB0gDEoTnJrG21-TZhlz1Deh6hklOHepntMUq55QhIRMdQ==&xkcb=SoC26_M3lunhE8QUiZ0KbzkdCdPP&camk=UoKtGZLa3XLdanFpzETBRA==&p=1&fvj=0&vjs=3,Indeed,,False
Data Analyst,Senior Data Analyst - UXM,CACI,"Tinker AFB, OK",,Remote,https://www.indeed.com/pagead/clk?mo=r&ad=-6NYlbfkN0DeKde-pU_olD4YUrw_gjyRI1n-4QX0HDStiN2-PsFXQb5rgC9OPV9Oe-kdoFmzGIzSGlCdtpFkt0HUMwmurWAu9ktdc2xnzKlTTUj4IsVUQHNlzRiTvsaK75TEwmOawe-MMnW9AtpCDTcqDoYBOcVsdGsuoTMdVCAzes2_xPvw1PJum80y2GlwWBKHxMDDXFiG-_G9oCMg136v-cK5qTKsQFZ0um1z84Mzv1E31b7D03VsfsHkOM3YyHuAUnU1fA7R8uGuc2SoG8tH_w1Xq8qcA5EVfojxmhzFIxoB2AmGHiJyxBxxuKArzqnZbK2x_RIFTh2B6JB7AznwvOXdAC-_fuUE74dmkmktkDbHVy3sftML1_24oLqKXv2YKfv-3nrW8ZtHyHlbxDQpxtmK56UoYJhKLAE1U4UUttenovEyLg3JURQNxXctaIGQhj3ULBjcOj-yxcimOrPUYEomqmI5I3jGUcS8oJ9Y2wLJPHKh1tDpd-zN-epZMcxqknkw8aC7bubmTtghJOkWRdf2leAsM9Z8UN25gn-p3MEh5MR31IVWMckCHlKoSsvaPu8lStFrOEzabz0SMIhn932K_GIjqDO21wF2HbCpzNcL0ndfcYZZZXleRPfVurfNb4T3Q-DZ8kPaX0YEJO04hG_FNftKYjHPt2bJNje2Eq1cUeTlK4nchkCpB72SL7W_LmfvB5Yy81_A4qbTzw==&xkcb=SoAr6_M3lunhE8QUiZ0JbzkdCdPP&camk=nUmJqO2E8rjnJ4m4lapFsg==&p=2&fvj=0&vjs=3,Indeed,,False
Data Analyst,"Data Analyst, Talent & Culture (contract)",KPMG,Remote,,Remote,https://www.indeed.com/rc/clk?jk=310983cfb88a5e49&bb=qaGomF5nAGJkgVUQpDGYEG25-5XY_-sfnJEB49VAnFbM0jBKh003RWvTGF5H7-ziPZPGZG8piNVBVIdNL86vxiA6zLidLR1fycL4-5StUCn2KMohW2oNV_wUT4_zVV7a&xkcb=SoBr67M3lunhE8QUiZ0IbzkdCdPP&fccid=2dd390c3a48a7ed0&vjs=3,Indeed,,False
Data Analyst,Senior Healthcare Data Analyst - Remote,Sentara Health,"Remote in Virginia Beach, VA",,Remote,https://www.indeed.com/rc/clk?jk=e230c94619394494&bb=qaGomF5nAGJkgVUQpDGYEIOezxd1IgrPdvaXMZESeHXTLI1p7SbCUZ6bQCrn8cgWO9Pi4xxSG-uhwH-mx3Bg1s5TbANEObr9RBhwuoHq1e18ZA51DtQAqM-rtSnX0-r5&xkcb=SoDl67M3lunhE8QUiZ0PbzkdCdPP&fccid=d844fa152b5f8ad2&vjs=3,Indeed,,False
Data Analyst,BI SQL Analytics Developer,Motion Picture Industry Pension & Health Plans,"Hybrid work in Studio City, CA 91604",,Remote,https://www.indeed.com/pagead/clk?mo=r&ad=-6NYlbfkN0Df2ZXQkQrVei7QMlJKqQnhPMfkXmZ2JHFrtIKPrV0FiquWsAcnFNwuvWC7nbkSY9O4xmEvQXjntS-JOKrnNJLLGNK88sZt9tz7M1R3SusGxR5iQgmy_r1MYEfgudMJIRyZn3QaP4LyEGiQsY49OgPv4dbKlCtvm8xNMII0AZDV57JEN2hfHnbjXkATisIqoCz7IR-IvghnPbHdhdYWgYpridlcMgL85l2F2YNzNrS58_ChT7hlNGlMIcUSLpkyqhnrUqzWD4D3r22_qvdwRJOC3N69kzHPQnbZg5YqANhiC-oVh7HH5KZakWw6rQQ6aqiVXu6FM9XHcJrEmycdgyOhVOMDIiNUPhzDb8HkSRYRfp-Qph754i42U2hjEdOt0KppQE24DpJGFuC6HCWDUJ5Pmn99DxghxrMgsgJYFg4yc_yfcWPDc7bq52D14YX2XRMgsRzrwsdUjO7ZVDhRhN9AKQS6r9vd-097UGcAEvVi8mrM38_P4T8SRHSzhouW1QD6CU5RElc7VIZuRMNytbL_WXD7N75ha3t2B6FEq33xxPB1gZ0Wcbk_uLjexPDalG9HdruXsrm0_E8qEYzdLT35h1M5ei3p5jb_vuQ7tw8IL4fVsRgZ12XkParGkw9U87uYgx9TyZB1Amsgea0BPCAp0sM_rGipLiU=&xkcb=SoCl6_M3lunhE8QUiZ0ObzkdCdPP&camk=UoKtGZLa3XLYYlMGlXSz5g==&p=5&fvj=0&vjs=3,Indeed,,False
Data Analyst,Data Quality Analyst – Polish Language Specialist,Experis,"Redmond, WA 98052",,Remote,https://www.indeed.com/pagead/clk?mo=r&ad=-6NYlbfkN0AEFElgJvH0khGA9zFQnp2BxzQ0kZOw7TdbpWENTeb18Hk82MYBYUAFzJZtrl5sxJ4DVoXanKHvt8xMbxKBFT-K7aBsxSUAUb_lhQT5WPysddGJAFTU7zPtVRdYWSrvKqlT6oPG-GQd8Z6kreyPy6GpS5S8LJ-XVNkv5fAKffKMPj821ZQeIR_Wgi-LRE5Ml6vx15LcKUJsABr5zVSdcuWMITpWsO05HHZt1TB7xECsMg8zo38VttKsBVmY328XLlZIFqd6c-PX_42ItSBOhH0B-1rsIcLJCIDRWYtSVgw8opJBbpbHWeMpyp4wSMjMfRoVZcS9sHSwbkdknHc38Rt1a6TRg_0lRoYzvusLV85K9W1DhxwpzM--0gNx-h9eDOpT4CcpblUZkvFsj8LZ_E909_q0RVh6eIW-DsypNZwhajl787TFnYlc5dEyJ6z_3EllFSbNQgIfMhxT56kfV2Bw_v24zHTeWcdKS73PAlrJF11_O_Yt-J43YZNaOOZsy_GuIbn8vvY9rZAPPXseBsTzqMP8HUHZPuqkznopuwvK-D1N11PU5T2tmX_muDVDAGxw2t-7ygdGA21qK2amTLsjwmu_jskK8YBzEP_sP2i1zPuJqsBf2EfMSxJgCEGop2EsT8GdRRlGdIBrsdQz9ADFzK8dMMJXj10=&xkcb=SoA46_M3lunhE8QUiZ0NbzkdCdPP&camk=ethIe0s0hedrw3pKnW6CKA==&p=6&fvj=0&vjs=3,Indeed,,False
Data Analyst,Data Quality Analyst – Turkish Language Specialist,Experis,"Redmond, WA 98052",,Remote,https://www.indeed.com/pagead/clk?mo=r&ad=-6NYlbfkN0AEFElgJvH0khGA9zFQnp2BxzQ0kZOw7TdbpWENTeb18Hk82MYBYUAFzJZtrl5sxJ6UMtBRm491Apo5vShlAEA5NoF5Bq7woqvBFjvAJjaqIPumfVutjYKLij1QOHGzJDt0V1SaxEskXmXdF5G2cQl277FemjcL1urg07oNTv0LrUNthpGmpPPkZTWH-lDjlnYsVrdjXtnSSjenNVIYORRGAQfcS0t7b4hggtbGU6dmfxNnRX6LY4NFTKcgPMt448fgdDh-jideaKIIIRHA-8ew15mifeKy68hK1fCWipXUeYUq3Kw9yPM1XFMX0ZO-RyGPuWYpTM28CUFtlkQUJlNhXtCd7YPLRrus8jnCF4DzRUl1byazCuPY586kg2EJeR87N2LmiU9_CTPiMc8AO0vNjWRVzg4MPi5c1BMsMUqc10b0IYvQs09lXqwk-U-6RuEOp77fQDscyftUOch5kfBwE8WhgxWIYgzrN6aaGsw_XocHH7oFy0cd3ugQERa5heypt2je0KbhDdGPmtT4SHd8qpVY4REASyN3vNBByybfBgrueMavpzZWZ7cCel3R1kQtPkRbLio8GqNVaV6EJ6uWe8IdIAunk2VcwV5LHUUGHZkADTIauwsGhgBFNmVMXE7K0jR5F3haGF2f_aN10s3XFd_BhD8ncIQ=&xkcb=SoCM6_M3lunhE8QUiZ0MbzkdCdPP&camk=ethIe0s0hedrw3pKnW6CKA==&p=7&fvj=0&vjs=3,Indeed,,False
Data Analyst,Lead Sr Analyst/Research Specialist,Cherokee Federal,"Remote in Independence, KS 67301",,Remote,https://www.indeed.com/pagead/clk?mo=r&ad=-6NYlbfkN0AwsrMFZWn-XQfIBV-8XSsFxZnfp-l-nqa0Ffai8bMrki9ZWMKwmaI5IHK_IS2QA-68KYFGaH6DXi2c42kBqJQJda0y26NCFyhK0c9SZE0I6GMG3-HKvhK_u1g3Uoz64dt1k4FqslBvVE0JB-zTSTx0JQbRpEyw9c7qxWT15a5Gu6ntXFpVoT-RPWZeRpL40He6uKEwfIMH214V2ttn3oQvUidHK0TJNV5tlPzmlC_nxfiIqftHxsnJWn_eoYfgRVQa6AAHoDzE4xHuv-d_n_NyB6IEryh0a1oo-vw8oV6RKz1JbGjz8Tm7t5IrJP2k-nrnBgFidUTp7ly2VP9A1Xk-Kd5XMFBiiyLPikgaaquCtNVA8zkAzDjBj80n-RgL51AQfSj33at_NDtKkeQuE5B0O8KL1YcS6TA-m5-lzgyvJ2QiZm-0JSC_0xAZvK9nMlmRpt7nBRr8r6rWfnEoNFuTSLIxrC6qY22fMhcHvhwv_LMchPlQ0L_ngz1s7mlQKC8EgP8p-HlTaYhBwPMPG2mFWtVuhaEmfb0Him-o3KT-8cHw1YM3gnptzBBcufzxCNJVX0SABc6aoBnuUrYpA5eKSvpo3gZYK6AWl9S2-XmGkCE0lROfUIGCCLD27KH5ukIeAYwc4n7XzIP1uCoZidkEPDVPzrRx0L4=&xkcb=SoD46_M3lunhE8QUiZ0AbzkdCdPP&camk=UoKtGZLa3XIqwppYLLepIQ==&p=11&fvj=0&vjs=3,Indeed,,False
Data Analyst,Sr Business Intelligence Analyst- US remote,CBRE,"Remote in Atlanta, GA",,Remote,https://www.indeed.com/rc/clk?jk=371cb9d22cf3453d&bb=qaGomF5nAGJkgVUQpDGYEDw8ZhMNBm5ViTCZakyt3nxnPV5LJFmf-Olu9q6STUTXmjJvsgLHduy21jQGJSN52Oyuairyzl1oN7SSQhV9_vI0nu2EuTk-04-q4T3Kv2VG&xkcb=SoCC67M3lunhE8QUiZ0HbzkdCdPP&fccid=c9b9e477b3c84b4d&vjs=3,Indeed,,False
Data Analyst,Senior Data Governance Analyst - Remote,Sentara Health,"Remote in Norfolk, VA",,Remote,https://www.indeed.com/rc/clk?jk=7ba3810d522484dc&bb=qaGomF5nAGJkgVUQpDGYEEjuN7RjkG7NluN--dVN6Q4Ij8LyRH9ffn6BxCUltQQg7ybuSR6YAmpiAepW0NpPHvobCeGKZWDHpy1X7bKxfx-mrcuZpVgVydSie8m36vF-&xkcb=SoA267M3lunhE8QUiZ0GbzkdCdPP&fccid=d844fa152b5f8ad2&vjs=3,Indeed,,False
Data Analyst,Sr. Data Solutions Analyst (Remote),University of Miami,"Remote in Coral Gables, FL",,Remote,https://www.indeed.com/rc/clk?jk=befba51b9d6bfc53&bb=qaGomF5nAGJkgVUQpDGYEPvR6ANgRgltBg0KzsHJlNP3MY_hkgqHY1rsQLwaHMT7iKR-c1yLvc8nF6kDBhUbDhtdZJMQACG8ta3V3ZuV3bOAeQZN_MKtKh92Snz4ScMZ&xkcb=SoCr67M3lunhE8QUiZ0FbzkdCdPP&fccid=ec40e650131b4ee3&vjs=3,Indeed,,False
Data Analyst,BI Report Developer II,University of Miami,"Remote in Miami, FL",,Remote,https://www.indeed.com/rc/clk?jk=798560c611362d7e&bb=qaGomF5nAGJkgVUQpDGYEEo3an9mwDI08phlGrXGidhw5GzphbBlXZjkvaQa9ElvsqO7-v-JrNRqZ_SoeZmwocCzv2E3hEF1jnABN7nRlk0vKseaznYBeemnInCRAZSC&xkcb=SoAf67M3lunhE8QUiZ0EbzkdCdPP&fccid=ec40e650131b4ee3&vjs=3,Indeed,,False
Data Analyst,Performance & Metrics Analyst,CACI,Remote,,Remote,https://www.indeed.com/rc/clk?jk=45e05d1d1928d689&bb=qaGomF5nAGJkgVUQpDGYEIVLVPrlmmax_OVuaRP3bEfYrgIg57DExYkipjbclxgNYda1LpQdjiyt2jEev647HlE27g_y37tRYqqFWzwJUeeZ8Es-256O5boP2n96O24E&xkcb=SoA467M3lunhE8QUiZ0bbzkdCdPP&fccid=5fca42294cdbc080&vjs=3,Indeed,,False
Data Analyst,Sr. Interface Sustainment Analyst,CACI,Remote,,Remote,https://www.indeed.com/rc/clk?jk=0690a0bf92ff0844&bb=qaGomF5nAGJkgVUQpDGYEI4t31hHILOnYT-4RCNZbnCAC5iv2AeDCxU7lWwuAO8b0d4r7bcOoMSLg1rRc1I3mJJoCg6lBj7Ydnv3tpZuX5LTKf2Jlm5724zwL9YfI80F&xkcb=SoCM67M3lunhE8QUiZ0abzkdCdPP&fccid=5fca42294cdbc080&vjs=3,Indeed,,False
Data Analyst,Interface Sustainment Analyst,CACI,Remote,,Remote,https://www.indeed.com/rc/clk?jk=fb0aad60e9aa8ac2&bb=qaGomF5nAGJkgVUQpDGYENtJbt9EWntKQgLNL1QEW0hRl2qXwFvgHUdRXpzgXVK96YfbyfKUtI9BdH5onFN-Z0vLb0eBg7trc5pgEtRoeN1K7c1C5KJqoTjV-qNKHUIY&xkcb=SoAR67M3lunhE8QUiZ0ZbzkdCdPP&fccid=5fca42294cdbc080&vjs=3,Indeed,,False
Data Analyst,Global Policy & Emerging Markets Analyst,RediRecruit,Remote,,Hybrid,https://www.indeed.com/pagead/clk?mo=r&ad=-6NYlbfkN0Ac2Yk9wR27hQZepWr2ZjDLL_aGUxeluIkp3YRl7TvYyvfiTxX4dJQoVN1wbtjIk-SIcBfJLw2Y93mBISxi1pAQ32giZWJm34LfX0XA4TMei8jyFhb75JXJppvSpA7RsiqrU3mmm98zqc-FhSjsVuebrK8cJ5rFWEqFg6OFPxfapz1-rSAcUlfCF72PWJD3GdzcHHb0lVh_UqhwyD8G0NZXquO5ZPAYRzYO7eRk1h3nQE8OZV9ihuSrm4j-3lu3yubVbVuuOuymeedBW2zQZVI08tRgt3w-P2D2pEfgO6l4FDEXR4_-5S2JIMFN4x4qgBQLXVsZvPMrQgPIax5toxPyuXqGNYTGpJ93Zr4kpCNCxuDzM9Pa4InGrSCCAzcQaTshlq5upCpiuqbav6G5SERxRw0CvhG2TTnPn1gZZsuWaEZmHL-c-k8VdYnDBUexMj-E7izJgTScOTHuGukTPZ2D03XCGVkcXGEypO5c2stWRJJSDIpZUgE_eurk6W2CqqSAmGPO_S7D8GVXWp7PWYuPOCmHO9amTGMWJwBpElgcqYKH9Fsq8Vnz8qZGR0zdf3J-fuXfLmcy6z7YBYyjLoIslYoZ5Kp4nJoLkdw3XDF8QWeHAtLiaGKGUvm5Sy_80vcno7hv-bjpyJHOjWYEh0KNRaa9E9nMxnn6ARMcsD0rASB5_K8yPrydrRlXnJfe6qhfJznBOJ6mYA82Gm6UtentCAET7eUasjc=&xkcb=SoD56_M3lun-jzRf6p0CbzkdCdPP&camk=UoKtGZLa3XLuZyuDrm3mdQ==&p=9&fvj=0&vjs=3,Indeed,,False
Data Analyst,Momentum Functional Solution/Data Estate/BI/ Business Analysts/Testers,CACI,Remote,,Hybrid,https://www.indeed.com/rc/clk?jk=63245d1b6f3bb8eb&bb=IR3tQMRhrTydWcY74u0-xrOqxbN46qEy-lEK83aQzYD_TARPGox2Rjxa4UUjih-zaHpWpKCnCvl4DqvejnPuNPb4b4RDYdU698vjjIw5yocSoj8IkHlNXPduY78z86j8&xkcb=SoCQ67M3lun-jzRf6p0BbzkdCdPP&fccid=5fca42294cdbc080&vjs=3,Indeed,,False
Data Analyst,"Analyst, Data Science, Earnix Design",Liberty Mutual,Remote,,Hybrid,https://www.indeed.com/rc/clk?jk=e741fd5798813cbf&bb=IR3tQMRhrTydWcY74u0-xjmdADR3DOnmTLtcxmZk55rOliI5hr3Wak3xWR0WSyU9gQVdAAjBFhOAp4c5fp3JzRqSWGThtwIN22YtUikVoHAnzNBDCT5DfDYQJ7YWuWEQ&xkcb=SoAQ67M3lun-jzRf6p0bbzkdCdPP&fccid=f33a9750898d12d4&vjs=3,Indeed,,False
Data Analyst,Senior Health Data Analyst - Payer,Veeva Systems,Remote,,Hybrid,https://www.indeed.com/rc/clk?jk=0074b162603c2642&bb=IR3tQMRhrTydWcY74u0-xtFBZVfhItKGaUaOIWU_ZkGydyRZtKYWymsaRdj3XYSksMkR0WVOdgt1ZL9FUZK_cj2XCXvbcrVRsokIBdy7nA-0O-ksKIpyJheAsO3pSpuZ&xkcb=SoCk67M3lun-jzRf6p0abzkdCdPP&fccid=353eb997fc901045&vjs=3,Indeed,,False
Data Analyst,Sr Reporting Analyst,USI Holdings Corporation,Remote,,Hybrid,https://www.indeed.com/rc/clk?jk=7155aef13e29a19d&bb=IR3tQMRhrTydWcY74u0-xirwCe5bXqrr665KmXmfVRGNX3wV2EhUK7H7WGf1ROWMX3kfbBpK2S77Xu6a0vZO1T5YK_uq5H90ciiqWCgBd1W0fu2LABkMeeTor5RgBc57&xkcb=SoA567M3lun-jzRf6p0ZbzkdCdPP&fccid=1799f789a0c53bdc&vjs=3,Indeed,,False
Data Analyst,Sr Data Analyst,CEDENT,Remote,,Hybrid,https://www.indeed.com/rc/clk?jk=05238a656cd337dd&bb=IR3tQMRhrTydWcY74u0-xttGkA1p16-MIhVwGX6s2eN1TH7VXeQ1ykTGOWiFWDoI5EJnM7eCflbFHLBEzzRfSfiVhYGbr1-PYNk0PIas6Ca5mdeDFnTrjtsPLWKJ9Vjf&xkcb=SoCN67M3lun-jzRf6p0YbzkdCdPP&fccid=2ecf4575019bf07a&vjs=3,Indeed,,False
Data Analyst,Experience Data Analyst,Gainwell Technologies LLC,Remote in Texas,,Hybrid,https://www.indeed.com/rc/clk?jk=07126b530e4dd0c8&bb=IR3tQMRhrTydWcY74u0-xmZT_qvaT6Tk3jWKgFxYYSIenaoonPeIfm10TXMzcCKNzHWtaIsxfepS12kD22ZkENA_AuWUIH2oIE4MXoEruPcyZwH3IkI6F-r_9b8WStjT&xkcb=SoAD67M3lun-jzRf6p0fbzkdCdPP&fccid=515bac75241f15a3&vjs=3,Indeed,,False
Cybersecurity,"Experienced Specialist, Cyber Security",Deloitte,"Nashville, TN 37203 
(The Gulch area)",,Remote,https://www.indeed.com/rc/clk?jk=81f5a5a04e3e1d6e&bb=T2dXM5nsZXIdFOvfjsV3E8FHO2YFXFsgG5chgrR0EU1qO7_gxTQ0-s_jz-6-CM4o9rrjWaYE-V6PjX-l16-NQ-CakpyvHx8WfOMrGcQ9Q44c5jPN2Dv6J7S6F3kMqsSn-nEbREvHi6PRbJfbibO2fw%3D%3D&xkcb=SoDU67M3lun3P-ASgb0LbzkdCdPP&fccid=9e215d88a6b33622&vjs=3,Indeed,,False
Cybersecurity,Cybersecurity - Identity and Access Management - Sr Associate,PRICE WATERHOUSE COOPERS,"Minneapolis, MN",,Remote,https://www.indeed.com/rc/clk?jk=67b06663fbc32393&bb=T2dXM5nsZXIdFOvfjsV3E8FHO2YFXFsgwJSBYsZTyfksu2gtbNfS0lechsE49iRyILb3nUQF3j0eiFMU3pppasDYXBrWY5nEzzQ_jp-nf0w2r0mgHS3i9Ho2Uz7ZL36guG92_oI9o3vH87o0YMDH8Q%3D%3D&xkcb=SoBg67M3lun3P-ASgb0KbzkdCdPP&fccid=5e964c4afc56b180&vjs=3,Indeed,,False
Cybersecurity,"Cyber Strategy, Risk & Compliance - AI Enabled Cybersecurity - Senior Associate",PRICE WATERHOUSE COOPERS,"Atlanta, GA",,Remote,https://www.indeed.com/rc/clk?jk=6287ab4922729646&bb=T2dXM5nsZXIdFOvfjsV3E9S3CqAHERyjJ5E5LowXkdfkK3E7uwZS7rI3WBu7WEx5HuO91TquRW_wBejguvEtgBRTe6BhP7shAG-qYkw6Ye_WFiZ5t8OYOwIll5P9D_kDW-HIKtpGCOyIpCd9elq6tQ%3D%3D&xkcb=SoD967M3lun3P-ASgb0JbzkdCdPP&fccid=5e964c4afc56b180&vjs=3,Indeed,,False
Cybersecurity,"Cyber Security Engineer, Principal Specialist (Onsite)",Collins Aerospace,"Fulton, MD 20759",,Remote,https://www.indeed.com/rc/clk?jk=cda175b425fb4b3a&bb=T2dXM5nsZXIdFOvfjsV3E67fSDJOUtL_aQaNNzBgqyCy3TBVORpLf8uCJxctlG0B5ifJF1nToecorb4Rt_Cck4w1nmMTgmNAR616ZCOXbS2MPbv6u-XQ1NQ3flDn8_liocG3nVcv_eA-GHKhrr3D8Q%3D%3D&xkcb=SoBJ67M3lun3P-ASgb0IbzkdCdPP&fccid=3d30677097704d8f&vjs=3,Indeed,,False
Cybersecurity,"Sr. Manager, Cybersecurity Compliance Analyst (Secret Clearance Required)",Raytheon Technologies Corporate Headquarters,"Remote in Farmington, CT",,Remote,https://www.indeed.com/rc/clk?jk=d9da9cf4a01983af&bb=T2dXM5nsZXIdFOvfjsV3E0shDJTlI3-EZHZAmgm9yCVts57KpGIXB13x4MC4qjPpku0djq10TuQFhcAgJ5RjrA516PPlGHnemzs9NcQz-yS0JlsTlhOMYUa_yTxCdzYEgZQq4iB41bzOx7ABeOjbYg%3D%3D&xkcb=SoCR67M3lun3P-gSgb0LbzkdCdPP&fccid=aa53b551f9df0210&vjs=3,Indeed,,False
Cybersecurity,"Senior Associate, Security Governance, Risk and Compliance (SoQC)",KPMG,"Remote in Jackson, MS",,Remote,https://www.indeed.com/rc/clk?jk=64e4049e39a76462&bb=T2dXM5nsZXIdFOvfjsV3E_wf-MYQQ1OQmgIAUniuNa3H0omW3GTduf0R6hngKv3QtAsKwu5LxD1H3K0xwBci--pG7UqhfgEn2J4jpBsxZ2RBAc2i-W6OWhw5Mr4vCHdZ0wpgZhlZe2ll1eWjzCJqkg%3D%3D&xkcb=SoCC67M3lun3P-gSgb0PbzkdCdPP&fccid=2dd390c3a48a7ed0&vjs=3,Indeed,,False
Cybersecurity,"Senior Associate, Cyber Operations (shift work)",KPMG,"Remote in Jackson, MS",,Remote,https://www.indeed.com/rc/clk?jk=7c180129b9b734bb&bb=T2dXM5nsZXIdFOvfjsV3EzEXWz11nlt3DAUpw8LiDJQXxH6iR13LNxjhhFouE-Gv0WDMtRDxfHgCNt7TDbvB70WGaSk_Bx_oa1BObL5Rzgdo411u0UDHKm2D5d0FrZSmuZBD9lH8TkQihHSBByLWfA%3D%3D&xkcb=SoA267M3lun3P-gSgb0ObzkdCdPP&fccid=2dd390c3a48a7ed0&vjs=3,Indeed,,False
Cybersecurity,"Senior Associate, SOC Analyst",KPMG,"Remote in Detroit, MI",,Remote,https://www.indeed.com/rc/clk?jk=8587aa9b740b7dfd&bb=T2dXM5nsZXIdFOvfjsV3EyoaPkpUrmchl-gZTpKHx_vS-AnbtpX9fTiUl_bpFag6jXy8ZcN1h7TWhibA0v8ioGBGld94qpdnilm80sgHNayVI7C94eJZ88vUQY7iIxR0Z8IeoWkRo0BPVmx_I9Ijhw%3D%3D&xkcb=SoBC67M3lun3P-gSgb0CbzkdCdPP&fccid=2dd390c3a48a7ed0&vjs=3,Indeed,,False
Cybersecurity,Cyber Security PM (contract),KPMG,Remote,,Remote,https://www.indeed.com/rc/clk?jk=57e417f3c2892cf5&bb=T2dXM5nsZXIdFOvfjsV3E2bykqv3LCNU7LjnYBTUjSaWdnMG5uoMFe2Att7PBANYvWKVW5zax3APUhjLXvUhcpT-Syx_nV7PIDUQ-j7bnqTJEZoE5aRwvmWmjEUkAHE1bRjJcY4KBmN15z8OTaRl7A%3D%3D&xkcb=SoDf67M3lun3P-gSgb0BbzkdCdPP&fccid=2dd390c3a48a7ed0&vjs=3,Indeed,,False
Cybersecurity,Classified Cyber Security Asc/ISSO/Orlando,Lockheed Martin Corporation,"Orlando, FL",,Remote,https://www.indeed.com/rc/clk?jk=111ac31bf8ff8836&bb=T2dXM5nsZXIdFOvfjsV3E_wf-MYQQ1OQ63w8FwnPeSMx9LCn0tPOcASZ_06bfkyy9Nrmz3mSX1JIe95ljRONTuS7MQKGHa00Y-mYYN5_TLcppzKJL4u33HZ7b-RRIEpq5pzATklpQcUXmIT-VR6oPg%3D%3D&xkcb=SoBR67M3lun3P-gSgb0GbzkdCdPP&fccid=aeb15e43a6800b9d&vjs=3,Indeed,,False
Cybersecurity,Assessments & Exercises - Cybersecurity Solutions Engineer,JPMorganChase,"Jersey City, NJ 07310 
(The Waterfront area)",,Remote,https://www.indeed.com/rc/clk?jk=f5827eafcdc93ecf&bb=T2dXM5nsZXIdFOvfjsV3EzCtU0T9qerOHtoMGb-Dc1gyApRZpgOLHbEMtzHrznQI1370Fj7QjqCYZP_x83023skvoJzMLzabevqFIOhC3M62c5Yn_SGAM9RycPalucLc--YmF4DIacn9PnfzDSsi4g%3D%3D&xkcb=SoDM67M3lun3P-gSgb0FbzkdCdPP&fccid=c46d0116f6e69eae&vjs=3,Indeed,,False
Cybersecurity,Tech Risk and Controls Senior Associate - Privileged Access,JPMorganChase,"Columbus, OH 43240 
(Polaris area)",,Remote,https://www.indeed.com/rc/clk?jk=990303d23d6b263c&bb=T2dXM5nsZXIdFOvfjsV3E3s6CNkVvZauDAahTLIUhBE_uf3va9TYUPi3VfyPO-6G-jLHvo3pRQn1EcgebzxSQP2MCiEZ_kKJov-UAK6FdD4Rk2JpR_lO7tRc_piK_jFYDijZwzTISFV70YxK8oGcAA%3D%3D&xkcb=SoB467M3lun3P-gSgb0EbzkdCdPP&fccid=c46d0116f6e69eae&vjs=3,Indeed,,False
Cybersecurity,Senior Cybersecurity Engineer – Mobile & Endpoint Security (AI Enabled Operations),AT&T,"Charlotte, NC",,Remote,https://www.indeed.com/rc/clk?jk=6d53a24c85f4f632&bb=T2dXM5nsZXIdFOvfjsV3E2hq-HzVjuXkbFaFs_HHNr6vK-m0plWQ2_n3I-dyvGR3pbsWjyntz-2O0pcTXpFZNXQ5l4-IYLqY7Bko8YUcDjwmxa_9WDOAQN1MbmGYn23XKs50lF0-0wu9gay7LRvhzA%3D%3D&xkcb=SoBf67M3lun3P-gSgb0bbzkdCdPP&fccid=25b5166547bbf543&vjs=3,Indeed,,False
Cybersecurity,Third Party Risk Senior Consultant,Crowe LLP,"San Francisco, CA 94105 
(Financial District/South Beach area)",,Remote,https://www.indeed.com/rc/clk?jk=f937300c643e176f&bb=T2dXM5nsZXIdFOvfjsV3E872h10VQ-YtDRPA02nKf5mYENcAxFYAUHSP202spFcFT-MvUj0eI1XddpVzpdqnej5Fkde2D_3yQ0Wcu0ov5CJWuRfRhJwpHgw6-SurPCGA2w6Nu4I7ERir13sFTKtLEg%3D%3D&xkcb=SoDr67M3lun3P-gSgb0abzkdCdPP&fccid=3d93dfe5cb88480d&vjs=3,Indeed,,False
Cybersecurity,Cybersecurity Risk Senior Specialist,Truist Bank,"Atlanta, GA 30309 
(Midtown area)",,Remote,https://www.indeed.com/rc/clk?jk=c38378c40e614a54&bb=T2dXM5nsZXIdFOvfjsV3Ezh5zwFM0rMLkMpvaSFhh6KIM420_vAPs6UPlQ3OsD__gRV4u2d9ciN2NBtI_CXD-QbzWTnBadquzsB8vsDTXSEyAeSeS1-UuKVTZr0Z_AYbAItguowvSMEEoKVXAHCvsw%3D%3D&xkcb=SoB267M3lun3P-gSgb0ZbzkdCdPP&fccid=035229327af06091&vjs=3,Indeed,,False
Cybersecurity,"Senior Associate, Security Governance Risk and Compliance (IT Audit)",KPMG,"Remote in Jackson, MS",,Hybrid,https://www.indeed.com/rc/clk?jk=a2e3d58afc3b5973&bb=uLSMvAgiHRPDAKyzsmB4ryQVWRT5XRNotqJ_qPG60k99pIR78BamcO9Zyn-EPcTYbZ4U_DYaVCZ8nTkjrHL892hHccKNVr26iFF8yG2J17EQlxPr5ObXV7-EhtbGu29s&xkcb=SoCI67M3lun0YoxSzJ0JbzkdCdPP&fccid=2dd390c3a48a7ed0&vjs=3,Indeed,,False
Cybersecurity,Third Party Risk Management Consultant,Jefferson Wells,"Remote in Chicago, IL 60606",,Hybrid,https://www.indeed.com/pagead/clk?mo=r&ad=-6NYlbfkN0DMvNVaKK30rHtm3P93NaRfsKwZmuucSfcA8nLHytCySMQ-cqMXtlQuX-Fvc2NcZixP5-TGOK-uJo9fLLvQno9b19D0h74m1Cp9ghIzfb_eoPhre7WH6fI6z4fdI1G6aMVdUSaI_8Sxaeu5CAFmblu0wfBjs_7BoNGF3hm5e60tXRky53GPwLpmu3GQjR8BklI5Vci8Bb-d8Xn7bpZDkD_94RpO2aR0jAM_werfOFd93WC0P5vWunm4hMxitqs5m_hucgu9tVL0tPj7Gw7PvsK8vNPY6qsSZFn_kKajPiDSXYOEUg5smzSXllt6nSopJzeBSkFUc-LrwjHq1drO580ysXPsggjck3x4xiwDKLvWGtaQX4cZxCCFXDlsymxNCT8vRJDWOO4m1t5Jvo7h_t13W53zWe_jujNpS-CIB_O-FhLYiOOI0wAukAkNCItJuiY-RcsnYNzuJXkEU3pQO0yfwhc_Y1PzLVp2lYtC4zbI3bUc7xB5-9y4zGRsZ9S7fUajq4z3BssXOBNz0crBL3eoaq0pZlIXB6nOD0bB5N-wv6zLCNv5pBJ3B-M_HwOZJrVZBpHM5mXXm8R18g1BkWWG5dQtbhbzWdr1h8Hfw5H8IX7tfo9P-ixo0m_ttawwLJsCIEC9TspjcHEaRz3OFYDEwglyVph9A0U=&xkcb=SoDy6_M3lun0YoxSzJ0ObzkdCdPP&camk=f416UQcMBpCOG1Q__PjdlQ==&p=5&fvj=0&vjs=3,Indeed,,False
Cybersecurity,Cybersecurity Engineer - Team Lead,CACI,Remote,,Hybrid,https://www.indeed.com/rc/clk?jk=f721bd2306fca2bc&bb=uLSMvAgiHRPDAKyzsmB4r-51mm3_qbv2fC_zpXKngaBxbNmB2ZlLcNZ4iM_cDNtpP5uTb_YaIVjUMNbb1ez9sz0r5aJ0kVqldbxtDYRZhAHNu-o31khpKzFO7AtUfYTD&xkcb=SoCb67M3lun0YoxSzJ0NbzkdCdPP&fccid=5fca42294cdbc080&vjs=3,Indeed,,False
Cybersecurity,Cybersecurity Engineer - Intermediate,CACI,Remote,,Hybrid,https://www.indeed.com/rc/clk?jk=d779943b2a5ff9e8&bb=uLSMvAgiHRPDAKyzsmB4r5L2l0LL7r-SQBKLMtn1z_7abRibPclMUO2khKLPcDMFieWgFPhesjsPUd5w2oqDYm1Mf3xUQXoVGegxPm-XzQuFfODtO-jLYqS1BzqwhttX&xkcb=SoAv67M3lun0YoxSzJ0MbzkdCdPP&fccid=5fca42294cdbc080&vjs=3,Indeed,,False
Cybersecurity,Cybersecurity Specialist,CACI,Remote,,Hybrid,https://www.indeed.com/rc/clk?jk=20264bb78c47e718&bb=uLSMvAgiHRPDAKyzsmB4r9egXQk0ixEWANp2P8NEvNtSlrGsifDqNJDbyuDncU8HQAe-dhcJlhLlDv66t9whsOwqybcx8V8EZn_ICS-5Fr9W0GHgxOxNfL1plhyUwSXD&xkcb=SoBb67M3lun0YoxSzJ0AbzkdCdPP&fccid=5fca42294cdbc080&vjs=3,Indeed,,False
Cybersecurity,Cyber Security Manager,SAIC,Remote in Virginia,,Hybrid,https://www.indeed.com/rc/clk?jk=b4ac9e37e52d0a72&bb=uLSMvAgiHRPDAKyzsmB4r1sptaRpHyZPAHfB6EuPlmdtOYygWteBts43kmAfcE8fHoEIDnYNShUJYsJl_lJf5C2GB7uODpOorM45_jFNxiuWaxQBcmTUCL-OEX6SjUuy&xkcb=SoDV67M3lun0YoxSzJ0HbzkdCdPP&fccid=f3b836e645f9b36d&vjs=3,Indeed,,False
Cybersecurity,"EHR Security Coordinator - Remote, NC",Software Technology Inc,Remote,,Hybrid,https://www.indeed.com/rc/clk?jk=579dbb68a07d0c60&bb=uLSMvAgiHRPDAKyzsmB4ry8a3MMwwnQjXvmAYBhPhpUSl8mgzK1DyQYIw4th-uBzPi1gS-R-0VXI0NB1YximbzbkcN5HB5XpnCGFKdqAkuAGiA-hy6AQ9jHVdIWoApJf&xkcb=SoBv67M3lun0YoxSzJ0bbzkdCdPP&fccid=81d9c3eebdf6abe4&vjs=3,Indeed,,False
Cybersecurity,Cyber Security Project Manager Senior - Contract,Gallagher,"Remote in Rolling Meadows, IL 60008",,Hybrid,https://www.indeed.com/rc/clk?jk=7222d0ddee42ac63&bb=uLSMvAgiHRPDAKyzsmB4ryinD3VYt2cn3xJF54MvXaAsJpNRtXj1kTC2DcZ_Fmcc7rrXzClmrTkVsHLY_Y37BjiZXTCot9nm3HVd_0X3JQFOhdGv2jKQNGp2_UVEt9FH&xkcb=SoDb67M3lun0YoxSzJ0abzkdCdPP&fccid=e082683e6e0bb617&vjs=3,Indeed,,False
Cybersecurity,M&A Cybersecurity Analyst - Contract,Gallagher,"Remote in Rolling Meadows, IL 60008",,Hybrid,https://www.indeed.com/rc/clk?jk=9f68e4654652c774&bb=uLSMvAgiHRPDAKyzsmB4rzipRMsDv09kmI4WiiLZCyerA6gQLLpoz4KCmAOPykowAyDj-WCQlmd7o86oZT1rLWTRyOoQbZNNmQDcGXrLajz2tPjucKXZ2NwwE-AVJ5xc&xkcb=SoBG67M3lun0YoxSzJ0ZbzkdCdPP&fccid=e082683e6e0bb617&vjs=3,Indeed,,False
Cybersecurity,"Senior Manager, Customer Trust & Field Security Specialist - Capital One Software (Remote)",Information Technology Senior Management Forum,"Remote in Richmond, VA",,Hybrid,https://www.indeed.com/rc/clk?jk=4a1ee812cd2bf683&bb=uLSMvAgiHRPDAKyzsmB4r7VeEKoO67z5i9BMSjGwGvKHLg5KG2iA3ycKb0AiXGUU6BqXRkiKM7k9a7_kdwIUfP63bIiDIM-OVvNwCPDvW4uBZxjdDkHRZJKy5v6XSf_0&xkcb=SoDy67M3lun0YoxSzJ0YbzkdCdPP&fccid=a775432d3ca106f5&vjs=3,Indeed,,False
Cybersecurity,IAM Engineer,ATC,"Remote in St. Louis, MO",,Hybrid,https://www.indeed.com/rc/clk?jk=80694a334a42937c&bb=uLSMvAgiHRPDAKyzsmB4r5L2l0LL7r-SnCPHHWx_71NNImR5kJv_tPGNOxsNgjCdE7oNDEFe7D0CvGZXuZNYNVIW_x8Mm2Woboo6eqpGUKfRRq8MU9HCf4menqg2jKX2&xkcb=SoB867M3lun0YoxSzJ0fbzkdCdPP&fccid=5240abc593b7a436&vjs=3,Indeed,,False
Cybersecurity,Sr. Cybersecurity Engineer- Application Security,UNFI,"Remote in Providence, RI 02903",,Hybrid,https://www.indeed.com/rc/clk?jk=56193f69d5a34237&bb=uLSMvAgiHRPDAKyzsmB4r3DkU40qgSg5vKfHz3UWzztSoLHWopY0PZ4iJWy1yJ__hicdht3zxxy06M-fJD-CGkV5mjC-IHPraeApPMo4wM78wpA7oIOLljfL6DFxGF47&xkcb=SoDI67M3lun0YoxSzJ0ebzkdCdPP&fccid=24c7f3d8d1b99f13&vjs=3,Indeed,,False
DevOps,Expert DevSecOps Engineer,MissionSquare,"Washington, DC",,Remote,https://www.indeed.com/pagead/clk?mo=r&ad=-6NYlbfkN0DU_Qb7Gq8TbNBQ6pw6Vv3oLrz5EfjyiqgOQK-rSLW6HDRzEmftqZs3bunzfN7d1fzMAmqF4rj3LF1jEDK4l4BYw75DD_2dBBQSsRABMb0WizbeSQrRmD_8yiT9ogy9KGMoJDhrsu4CWcnvUE3jkdbbLVKwpftdAPsiruXLt2_dtkmCNp2qge9TCvldU3Vt6n4bUxBIdJ0yUh_fu6ryd2JlT6c1oy5w6yYtbzKUPTPR_7ecZFINLnknL1aaMJkfLG6PKV4_Xp1_-EsojCgM0WJVVeQZv5POC8rarDN5gft7Q__3CvguXpJhfThPRgHFcPuqjFnIA7NwJ5Uk6LLHMaUAAXCLMwPLzEI8JROAXiJEqnTSFeERO1Z0XhoiD-0cKpVi3B6LYgWCnRgL_KbCv53BdE7fl1aWIT700WLdHW0FaEsBUWYMogjiGgr1LfEtL2Vt9gjTmJj7yvl8Wchyt8ePgmgGdpY0l-l6CSFRdJ3vg14nvAOz_W2ux3lPLBOj3yZysDTzPd7esbKFjjDk02zIInuYT0gNO-zXp8Z48IOwT2wGD9_FATjRsXE1c3bo71-rapGGTm2TTr2EVywFVFrexm373h5z3TzSGgRVHUKBm93WK5ZfPAyDQZ2eoDbZRk4Vj-F9Uniw-P-V8VNSeF2QX13-CdQs_p0qqElToNS3LeqJ_6lonnV2-xO9jwpJ4ZIx00Nq3Xrvf2Xy9UXXVMK2f7mMouvLRPirZTc42cGfYY5IPsjljOKm9WJjnvcbG612tCF5DkDI9Q==&xkcb=SoAX6_M3lu4McUxSzJ0LbzkdCdPP&camk=ethIe0s0hecpp3b8eYGldw==&p=0&fvj=0&vjs=3,Indeed,,False
DevOps,DevOps Engineer - AI Trainer,DataAnnotation,"Remote in Bensalem, PA",,Remote,https://www.indeed.com/pagead/clk?mo=r&ad=-6NYlbfkN0CnM4TERr6XuVBW3VTRACvDXDx9S3Pbn6a0SwhkmoLTiIZpxuUfjFtTfCfdb-RN_CHnoIGagZvIJmPjslA4fdQnuBFldcXxPLsd7l9dDYIeusTVU9YzreSIRiE2L_OGo-gi0HrQ6ZYrZdzE2KU8Tg6eqVxUEranN0DcL2qQFtmf5q8XmB9EIqvXRuIx62xZTIJACjEvaU-rZiveJbNNjXuHIVW-MAgnZM3Vlm4JYPOFxvoB92PFLnVvI_uy21vYpi69cuT-c--PGh4gZf3fjZb5cVbWajneEe_tzPjoJTGpCx30QV7bc50MOoNKamJsmE0ayNioK5t2DUS14Hyn4zZmsPx-4aAH9aqk4ssNUtNhOAlp4jMoDX_ObeNK6oIgVSPGjheUB-s1oV12YeFmZpeLEsExcnCrPr-I451rpEOgrNeK6wz7lmMlKt80YUuyGBLxhdXRbzrmJpx-FfcKAbDDd03Y7UE-MzRV7R9oClyeQcwCYUCwIX9FVq-yZvHVWoGq1wrBIjprm0zfk9ZgUkgUMoVU4dtfkkMSxGJ_B13s71pJsIXuu-C118wJdCFxX1aKKzfGW5FkvN_Zg7dCi2i-5vE0Iu0RU4CpwvEEVGlKiNuVuYUv4OM7uWCHOvSwicNkiNbDju-ZIfA2J-kSbc6lPvM3_m0LE1nh8L4SHpuXNOGuTLppszZwTNxyK-Om2CjWzoFwGwYRSzzFpGdDhnAme7OS47IjF4qNfWjGcMZEGQidl240lJbKJRaqfB5qa44OoV3b5FlFtdNmPF6Sw9qpz8ux65LPfgP5XZM4SHeqPs4N8ULunTZI1lE-mWrTfD7G7Gfw03qHnIJlruC0-_Dx-sVqL_EnBMgu7Hc1AlPyDyI9xZaxQq59&xkcb=SoCj6_M3lu4McUxSzJ0KbzkdCdPP&camk=UoKtGZLa3XJ4m_FGbRlp_w==&p=1&fvj=0&vjs=3,Indeed,,False
DevOps,Senior DevOps Software Engineer,Muse Group,Remote,,Remote,https://www.indeed.com/pagead/clk?mo=r&ad=-6NYlbfkN0CEzmHaG5Zy6S4kasSS2hmWHvXY2wIzIHlvRdnIjCCt5qQH2EFduXpQ-qgjwVggza98TbmsikMicqB9qsaJ8QxJBIrhT0OUMjqxayzF9xqfUsIknVklXyKbe9bkaUMFcomyZbCVXXQjfYtofrPXOYtSj_vnnHCNcUEXh_Y0E8cGH16lWfZqmPLj50b_4hIbIEnpUjDBYhgOTxcwuteAu6Nt8DhcPPWpi0SBW8aZmydOW0flnqP8o_m6TWoNuNOzqJhTNC92XzU3m2iuwBkycm_ydO9So-18fclM2B7MMgiNWbbd855nM1eU_y3ohI_qWAbOXvhebTqEBPi3tD8oM4769cAks3l2fXMUDHI_WRe7hysxDmJF1GucyasyHIaK_4MNlDTyTjeEANDEeGv-RNKiJsqxLRNQy5oXBzxAC1ijIUnozTUypvDLOYJ0baBpdaX1R1hI5qxBOqzNT2CNu1qepbxh0XARG4YXMgst9m6CQgKk_67jk74kRjGam0rLljtKkp0Cof2ZJMoTtpGAX4QF6sjwSBISFSerMUHNxUJK5VlFLETm4QeVjIuko-CsTVq_O82gLH0fPfnrrYV0b5Qi11hTl-hd1kx8OizF8a_uUJK0VzyvFnpVo4V2i9RW79x011no6p_nIGxeE-Xo4uL6He5v4pO7XFRKOsMam5VVlWqMLPWVEVaufcpz8iTcbBo=&xkcb=SoCK6_M3lu4McUxSzJ0IbzkdCdPP&camk=UoKtGZLa3XJAPdeMOpoZgQ==&p=3&fvj=0&vjs=3,Indeed,,False
DevOps,Sr Azure DevOps Engineer,DevAltus,"Remote in San Francisco, CA",,Remote,https://www.indeed.com/pagead/clk?mo=r&ad=-6NYlbfkN0B6JsaFsL-Yz9rn819luGA5OQ68VO5yfqMjcq4kAMdDracqKpqAhNT1lAh48D7KvfN7ZaJn9gflSMH61kLrcvYYnsWstenh2ANl8Xin_yIL-IdrrMsScTqb3f1aK6KxCdtCRkJSZ0QPq_MwjPOtOm5bGRL9V9hg58Ha5ABdEr5RXKXJz7h0mVyJde9ygeu6Ejtt2K8zWBDyaQoCADNRDDrp7qX15QHRXs76-FfM8opeBnzMzbuFdEldR33CbPDXCxjf8hxyuO1u0miej5FozghEsj5MoDPhXJiTMsdvxjGwJtDPdzFGVg8T0kN-TMLC83RmEKQXqEm7wZq6gJiHGTDu7afiXAuzbDYgPdhv_GiiVcdxtovaJ0sWFfi1mjUSYDIlfsiqUXxCnTPFD7hmAhkWqHeqIdPtOeqMtFMElBQ-jh9J1TRfWr08iIK2BXyCoQpgjqDuymozKgWTw4cQhmmJmtdRWfxIZqGMRaoXen1UKz6C-fmlGJr0da8lFHyzkMRN8JgrFXsohHICB64IIYhHJSQrn0Aqy-VDSNl69Oy9zXXiQvmUdg7ErYmd3-fibHMm--thV-2pfrmZwqoGYSXhWFGz1ZAnzv7HhHUjbmWtz7ChLG6F2-ZqcMQkARmh1nbSeIuApM3yihTpV0eT84WexXuRey-tOy--fFDbmQAgLeuHTWXnel4FVQNsYworNdgB__Cv6zshag==&xkcb=SoAE6_M3lu4McUxSzJ0PbzkdCdPP&camk=UoKtGZLa3XJCI329a1GNnA==&p=4&fvj=0&vjs=3,Indeed,,False
DevOps,Senior Database Site Reliability Engineer,TherapyNotes.com,Remote in United States,,Remote,https://www.indeed.com/pagead/clk?mo=r&ad=-6NYlbfkN0AfEq5j7saNRG5aU_mvVTuWOB9eeCeHIli2OtKfZJ_lUxm0eLsg_46YPMmqx8MlArNJULreshSxCUHeEvcZIl7mieqlBwy4CmMtcFhf-6TdKIVIoJcuQF-tBlKvVM9Il1z3q7mAnPg2_xYf4ucXPjEqRZL1_LEqc63fHFX7djjO0I9ek_HIm-9oMg6GRxG3GghVFTF98w2fmlIoqpsjGIlHCAXZBG_a2EzqvDuXYSw4nSI2f-eyPcvV8ZFy2TWt-TeTIrh-7YFgmCL4duGdi6I9p5k5Kc8hlJP7y6qH8v6kEyG2LsAsp76w00HaoJebgOdiszEV7cUZPhCpn1DlsExU59lS8kS-wdHhht8bvm3Ieb5EJ12lFFPsCafXchNRDepJCgBy6G3FHuDw4LtQLXLmTJI1CuCjgPii472G83yryPKT_q0eVgZQRczgGYYorgQuMAcyjPm0flV4MSJzmalf-snguTu5DVUL9gR3uPombdjoS069OXYldTMbMK9dyQBkR4tpZ4IVoK6MzTk5bMDmB_FAz7ST43XRBro1IzD89ZqFDjJIJPepI9tb2UJVqA5YsxjbpEmxhlOUQvFDXIp3yvrmDF0tymmf_UZSXYCWufdCmj0lafvaXG1oPFx51Mz5ZWUVtcXkBQ==&xkcb=SoCw6_M3lu4McUxSzJ0ObzkdCdPP&camk=UoKtGZLa3XIRDPQz2_zbzg==&p=5&fvj=0&vjs=3,Indeed,,False
DevOps,Senior DevOps Engineer,Emergent Software,"Remote in Minneapolis, MN",,Remote,https://www.indeed.com/pagead/clk?mo=r&ad=-6NYlbfkN0BAezr-5Y981Z1DAlqNgxc_oBTCqSWb7n6OEBzxh4A7sI1s3GRhmSyNBmDFeRF9Gpu5cBXmLKSAoWE-h859S7B3ibtfoOfZzx2xRGKczVV53FV302iZW-21bOkAHtyms6FUJGmutSVTo537qdYMOg72Tue3WW9m6J-mDE4n2T-nMu72gUUhba4KzHOmX-fNf9cGp6Q_JnXolgPKJ8Hc-5vdQSv5iuvWmcLZ_mijUBMPkCPQpQaXbRtEumiFXJ5l27gHH2VGBFtYvCtdjICIMxfyXaOrtjOSDsCCw3OLTbqLBF1EuCbfPgKgDm992ra9nXe1EnZPbSnEUZxHnx1IhgLpyc7Q9WDuuGgW2CjewzIjxDbluCwX82acoC8LQeK2P_v5AOuPvtO2e5y1oi4IvCLQUcCamL4vqCEWYBQ5vpV6LRiJP-yaHZT1N53am9Wqrce2CkWsRp1Fcjq-h8nsjKUqigCOPrHuRpQEF_iy64cAM8aWQnGdh2GA_WELetnuVu8Thu7JQ-wsgYdQkcEwlAMgyPT5JJmaI4K9oOFNkCUz11sklSUtCiO2F3i8YLF5NVx3O5tYyjUmswjXl0fXLXcHPRHVOdrzF41KLnwC2eUQQy0jPXjTVp1EhMdAlr01KhMbPYW-PzoTPd79NtoWvWye1KuITuFSebM=&xkcb=SoAt6_M3lu4McUxSzJ0NbzkdCdPP&camk=UoKtGZLa3XLwk1YymDqTfg==&p=6&fvj=0&vjs=3,Indeed,,False
DevOps,Mainframe DevOps Engineer / SCM Migration SME,Capgemini,"Remote in Austin, TX",,Remote,https://www.indeed.com/pagead/clk?mo=r&ad=-6NYlbfkN0AFPWGUWd9WogocUMPMJGIIN0itgsMWMAh4xI-EBuTuDzsu5mL8uwY3TRXBGWxqEgfh0t2PFeVmUc8pq14OKK11XFawEUzJH-hu2wd47gWwDoFbiCdzOiTC6Zmlc1djMxruDhGY7Sb-dmivJCKobqjAY3WedEUwM8EmwgOeYXIpCDSjju2brhUHXTwpzk3c8dOXcc00q2nhuxHGj2l4yUcUA0KPFODdQ4tcx8GLBHVzat1jHLEwABEmtD-GsiPyrAYBL8469RV_BD_cxb4ayHpuQxk7Sg07jwLblf_dff2pMtizoTKujC3YwJfVvEjW4BSffydEgflazazVIRkOYPXqsnUvpivJoBHhU5O62XvglNkKKNCFMp-X5IMcrgvZSz4Q_5R2W-phN-adIuKrgtVrkvsgabq_mGfUu8btykhdHwDLdXLcbFhXVQ68YIl7fkOcxiVEqSlpNMhsCkAw87r_Ajo3S-xEqz-2XweMFhuGndHeXzW0HBZ0oo5207rP-FqX9CQsKGBiNcXXBmuUs5rdHJYuATqiuCrnOjA4JWFRd5AelS8cOYVfMajhBewjpLYIuWIzeSG7Saj3DLtBxieiK7z1u6TuWLmOesyr9wuEu8cUkIzn1OLyZZPL3kLK1k0=&xkcb=SoCZ6_M3lu4McUxSzJ0MbzkdCdPP&camk=nUmJqO2E8rhhUrEVVDYimQ==&p=7&fvj=0&vjs=3,Indeed,,False
DevOps,Mainframe DevOps Engineer,Capgemini,"Remote in Austin, TX",,Remote,https://www.indeed.com/pagead/clk?mo=r&ad=-6NYlbfkN0AFPWGUWd9WogocUMPMJGIIN0itgsMWMAh4xI-EBuTuDzsu5mL8uwY3TRXBGWxqEgfh0t2PFeVmUSUYwGXrsMa4QLLLHXN2p52yzASocy2_HF_XyD2nZizVC61VdvqY4P1ogEaQKEAUoxCjqzXCVhR1129ETK1ycgfRFzpXQiOGLhJ2OjZcSjHYDlQr76i9na1DLDf9kF2RpdoWCcTAMc0Td0RzsC2nO7CuQOQhz0_fhUMo_97E132jt0qK5uynOVtpeBwKssr9YBSSZljwBnLx9Ko9J_xjvgUw4u-P4xf7eRpxDFuki3zopHl5RqdyiG8ceBs7jzM7fE8cye4C-fuzXtXkEACEGupjpUOobGW9uNAFL3SrbZbvSSxi_z_OsPk_RCcTDWAkDJMjgL-eUFACqH21fLRQulfgsUWIb-OtPF_pa7482ER8xP8uWAXXRU36tblUzF9s2mkm0Ypy6qdCcMGLlqIX2GOLQyzXL_vyqenCb-INh3AVUa7yNxbUg0fIy2jtfG8UFhyeZ2g_cL604Q_XPKdtT4242M1tC4cFZw84Lcz_iFbJ-KgpfR0RqB52xvgmTuyMDXd6bo3LtsIV1kZ9OJlcHnlgecS-6h7rhCLPsfwHMLmzsI0xZQHLYqM=&xkcb=SoBZ6_M3lu4McUxSzJ0BbzkdCdPP&camk=nUmJqO2E8rhhUrEVVDYimQ==&p=10&fvj=0&vjs=3,Indeed,,False
DevOps,"Trad Analytics Model Development Senior (DevOps Engineer, Capital Markets)",Freddie Mac,"McLean, VA 22102",,Remote,https://www.indeed.com/pagead/clk?mo=r&ad=-6NYlbfkN0DoIGMrbrreZo4ANtxWb4CunTORMijY9VfSyNyMdc1zSuuiWcAqmQitSpgqj0qiFzmOQN1wbBtBgy5fUa-AvUp8r1IGPnZVj2SXEmCkeGawE-TqvQMbkYA6pJKTB4jeVtW_7U-SKUfV1gd_SCMQ8h3JREzd-WLMcvG78Df9q-JALjZ2pq00YCfPiGrk8ypv_zfc9QtRUoQm6TWfc2vYlF2101yjxpDB07oLXvwYZKpQC8YqrFc7Pig2i5-Mejhf4TWN5eO-107-qtkl7jyy2X6O3lWNH0XKw0pD0zJQ8uOlKt4y5LQAg1hmcjG36Ygxm91tF6VlfA40G8lVbxLslcB6sc-Bh1OYs3YnLQtYXQzIyYsLrZ95XvNr2EBQBCBbE5CH8n90bFYtJoAslfP6QPWIY4xz3yNjasM8N-m843AiiNB39aS4gNqQPXlN0CUr04cWvIAWG4Pem_J_Ol6iBvBI-Xd-suQx4EsxDdm0VMxCKtLQk8Vb9mN6nmrZDtQype6tR-zsZO2uQOX3nEumYXMf5n76ttcC2xM3gU8l9_GBJhG6qzJr5I2PE2G9-sQ8K0ZsAohbGv3VysqmU4AHe9wayvPbiX1PONb63kbwrEY5HK_SwCC9NgPTEfxEJ_pJa8B2PPyqNYr5AxE7VjNdhgeJc-Hx6suvuSTECxp6w6MDIQdClk2J16-UuwlpEbI-aUJDW9a8QWbeBgBxMtHkO-MN2kHBZE3nlSRMimBakh3cSb5tF99smnIvHbFMXdLrppJaOXX5M9NjYJ4UDNotirKwqWN9QSVLv6YyXMpdol08zHe7TpZQW8RD&xkcb=SoDt6_M3lu4McUxSzJ0AbzkdCdPP&camk=UoKtGZLa3XLPcVoPbFdyYw==&p=11&fvj=0&vjs=3,Indeed,,False
DevOps,Senior Steam Turbine Controls Engineer,Laiba Technologies,Remote,,Remote,https://www.indeed.com/pagead/clk?mo=r&ad=-6NYlbfkN0D-x4-0_lVG4YngQRUPwgsec4QcA7t_j1M5MOPZvtLaPFExG8x3EryNjQ543NC7ru3Bgj3XShb1pPfKupwB8Vj7ihLXrVns1fLyd7ZG4Dek1aYmTbIPk5Ag1lLN6ykBwialxjUVHFnLE8p5U2DOXePv3sNMeVxy5g8e77oB6XWeq5B806CtBluBa6ByCOX_ljYeWl4r7QdSk7eI21nSfUZTLTVKiT4Q44D1HO_3ylhUtLC54qTrokUPJI2XgYmZWlv6fly9BaSZ5pNYzrQJcM27Fhs4tQburU5Hww_GUcUzl9UV4R41tRwztcaW2mhMgS6VghkXAOaePnAsXDyKC8779KmfemFhQwOO__B5HPhlRudIl4wa_PQ2qKYuWS0vezOVx6qUyl1f1cRrHI-98c36l43MkDKfsa60ygxmxnHBXrLuHIPoRYcc-aN2QHtRsF3jnVVDfrvdA62h247pAH2AQokda4TEieZe_Lc5ANMtC1Nff06edEN_WNeYrH6DWAPIBB2ca91pPP7QDoxYSrdyZ70FnqaVu9Kt4iQwfRvHDqvxjxh-a316qk70Qh6q2jIppZbiST07OVbK52ose-43sIjg5MHfD1rXIXSk5J9S1ejIQHZfuMw2QeGpt1vFMcd9BqK38qGWIuDNOZT3N-0SuPIzzdQNiNlnJYL2kAMd9OsSxrsaXN3SrgoBfa1B1sc8tb_7OTgxwg==&xkcb=SoBj6_M3lu4McUxSzJ0HbzkdCdPP&camk=UoKtGZLa3XIUv3vEcuaElA==&p=12&fvj=0&vjs=3,Indeed,,False
DevOps,Senior DevSecOps Engineer,Particle Measuring Systems,"Hybrid work in Niwot, CO",,Remote,https://www.indeed.com/pagead/clk?mo=r&ad=-6NYlbfkN0A56fPCLzdV_-Wb6yPEMo-sQTT6B93UnCZGf0Y0WIGJAMPSFTmD2IBl7vrLhTJQZg5MQjK6OXJnXkxS6XQYV51NPBO9aTsZfrKlGstFVlFha7KOAB8OGVMDPqLHq3VXcCT1Y3l56K9A1mgf78RDnCsPrOdzVmQGF-Cubqo2qKNYSuOriuGM8jeDyVbMdBH3t4Tac1oFwsAup_lj4OVefjz7KQag5vYOJGeNVauLf3itHF0kz7bZgLS1WYRDbu_l9HgWXOyIycv-zBu-D3JiMxI8jZcSqxSHHdG2xpIEEJy16UjjFQJvxmtpZVC1wvqpJt2fNzb60wzG-8SRFT4VysY6qgXCiPZ6IRGJiPBjKZfuWwUWAP1ikTQXalg_Jm7B2oPpiDdtUVWjjr2u3QK_8m1arKg9O4uUGEaOCBClLFOIjagw0Yne2dJxq1c_O4BlFYA_VEgDsJZSwiFOYPqjJh_KSxvCiDqUEc_o5dFsBm14jFpwlo1Zr7fZRsropLjd6WGKg_DyesAKGngyJa45EZ_sOQW2SBsWLICBegqQW1W6KsneshJQ5grFQiX_cBFLF9HRdENVGwIu0wJ_-oO9XsUwDOF2NkXjHn-QA-BKqGklreT6AOVkNhLtH2ibJXnX96Z3IOwiGahLWbPtLhYmnO728v2N_-zjkcAJ_k9-DPvNZ56xizKI15H3&xkcb=SoDX6_M3lu4McUxSzJ0GbzkdCdPP&camk=H-lBaXMUocJIPo4UMVsEyg==&p=13&fvj=0&vjs=3,Indeed,,False
DevOps,DevOps Software Engineer - TS/SCI Cleared,Leidos,"Remote in Bethesda, MD 20889",,Remote,https://www.indeed.com/pagead/clk?mo=r&ad=-6NYlbfkN0CZUO70VSdYKA8PR3jfrSh5ljhqJhfDt0PzQCMubt8cRv7CmNO5I-ZKKNxJzL4aoyr0SA5_OTrkMvyabdp5Y6q-t0QZZ0I3QB_Ml7u_xyfNDdIFZYhwDnu-OjTZSWo_wQ12F4FqoPGv7Ch27mEHFlAE3LYnVmDxvwqpIxsJbwwfk1R7MD-J2Kdum4Avou-mEnJxeml8iqoiHlkPFtzlBk-WDBiCjXhgx9RWd6ya5ag5v01YIkeTIzfMJJWAzr4_s9vuSc3bpdi97J1YTzUKk-NjF9TAwld2dqpOfcqFVdD0EoYSk3OFPFF-6PfKPIRgnp5f2Fi_7LzXc_SBrD0tft7NqfznKacFby4UXkXDRx3xmV1G-1fk9aRaOzXdWSqf7lAD3M1OQ_QffxAyugRofm3gnwYqPiTSxLpdNBDk3_rAjvl8KOSUJ8z18KJAjmc87XC7LuzFD0buyu7KjhURzQDujLzm-8gRX_FqiEYp0QMJSmwlNXebd_2HLOt4qvkxpKHQpaerfnwy7d4vOA-La58O5B80ElZFJ9WQ3g9M9ZXMALGAukOk6Kpye6rkSHwqV--P6-ZRZwKMCRl2-9UeUG10rxsJF604yhtJxYLo0jSc2h1q8oDVgopIJQDrYEep_c4fIaDvh9xf1ZOw5vIn4z3Tj0VTewY0woV5SuC8QcxWo2WHo2rWbzKDq3RDdMiNS9yRbcLC0CFRjziJthlkMuPUlvVQ17Cp4Ja4EZXoBI2hAGuX3Eh6t4GpWSjDDNKIo80=&xkcb=SoBK6_M3lu4McUxSzJ0FbzkdCdPP&camk=UoKtGZLa3XIMZVzINFhgPA==&p=14&fvj=0&vjs=3,Indeed,,False
DevOps,DevOps engineer with Python and Saleforce,Tata Consultancy Services,"Charlotte, NC",,Remote,https://www.indeed.com/rc/clk?jk=6e4e60c978a54c9b&bb=M0mJc98SfL1PIVFvbgM5J0JHZrf-xQk6NpSdBRZqlsqu38Qo19N-m0m5OWJd0R0lOJPHWfHOgDnSTR37IUA2d6wNiGeB3N47F8-kPfVfE97_Nc5m2nOS6H9aSI_kGI1D&xkcb=SoAK67M3lu4McUxSzJ0EbzkdCdPP&fccid=d9b9208177142548&vjs=3,Indeed,,False
DevOps,Solution Architect - Cloud Microservices and Devops,Tata Consultancy Services,"Atlanta, GA",,Remote,https://www.indeed.com/rc/clk?jk=7d2c9dbf1b1d4492&bb=M0mJc98SfL1PIVFvbgM5J4sT2x2W-UFTHDlqcQj0eKzp5mOxvqRDgFVvJzXCXhMZkmtdGZpWOPSA3x1kd3pbou-a0QBGqzcTaLQQQRrCCjdxhmIkDRoMJVeG8Rxh8awJ&xkcb=SoAt67M3lu4McUxSzJ0bbzkdCdPP&fccid=d9b9208177142548&vjs=3,Indeed,,False
DevOps,DevOps/ QE Ops Engineer,Tata Consultancy Services,"Newark, NJ",,Remote,https://www.indeed.com/rc/clk?jk=40fd5507887d9201&bb=M0mJc98SfL1PIVFvbgM5J7sHf1xUcGOATU6Q2EEOeOIqSIGwSUx9kLr3WhNkZL41Xf7Bjo7Kx0tjIJ88S5hgi-l6N6qQqn9QW--50frHk3o1uAZj_na413EsN8JmtTOH&xkcb=SoCZ67M3lu4McUxSzJ0abzkdCdPP&fccid=d9b9208177142548&vjs=3,Indeed,,False
DevOps,DevOps Platform Architect,Carrier,Remote in Florida,,Remote,https://www.indeed.com/rc/clk?jk=c5c487f67778f7de&bb=M0mJc98SfL1PIVFvbgM5JwsxhaROqP0ivzaUGk04-PqRDCQsLgclh6a_fGJZehVuw7M67vZ5ag7uhRl-Qts5GVHKAX3RryebMp-3UMNruhIOGuvmIEtbfRgAjgy3Ro5r&xkcb=SoAE67M3lu4McUxSzJ0ZbzkdCdPP&fccid=9a2c8ce9d1b61aac&vjs=3,Indeed,,False
DevOps,DevSecOps Data Engineer,CENTSTONE SERVICES LLC,"Remote in Hazlet, NJ",,Hybrid,https://www.indeed.com/rc/clk?jk=7eafd2c890e396da&bb=n16mzXY8QU-xywPbvWwgXrdgGT2EagQXD2hhS9Voy86uW0RpPCv0Rerp9V2V1EUcIzYps4MlM1DDTIKfC9HuhxSz3PM_3qRVWqN9j7qcZ_UJJSkHzifx_AN-3cwroUoh&xkcb=SoCE67M3lu4Jg3yg6h0KbzkdCdPP&fccid=21a34fff91b592db&vjs=3,Indeed,,False
DevOps,DevOps Engineer,Gallagher,"Remote in Bloomfield Hills, MI 48302",,Hybrid,https://www.indeed.com/rc/clk?jk=8f2d358f525d3625&bb=n16mzXY8QU-xywPbvWwgXsGb5aJZOpHTDmmw6gu4XJBvTMQz6s7NqGHLRmP5dI7quYogZqY_IMSGOIYwW6XDSnLVTCAeo61g2z5b8Tziiq2fDMjVGQYM7VSFWGY5HxIo&xkcb=SoAZ67M3lu4Jg3yg6h0JbzkdCdPP&fccid=e082683e6e0bb617&vjs=3,Indeed,,False
DevOps,AI DevOps Lead,Lenovo,"Remote in Chicago, IL",,Hybrid,https://www.indeed.com/rc/clk?jk=5f3803d221ad562b&bb=n16mzXY8QU-xywPbvWwgXj6aTl2eZ7a3vKppwjJdMDbl5Av43xTRDrjPKi8aRhlf9w9ywZoKKQk_TV3BO1VlCJGppVNGzAxGS4bzHXK3YQYkRwYkuAGPTh-ytxzbTGHE&xkcb=SoCt67M3lu4Jg3yg6h0IbzkdCdPP&fccid=af103eaff391cdf0&vjs=3,Indeed,,False
DevOps,Senior DevOps/Platform Engineer,Lenovo,"Remote in Morrisville, NC",,Hybrid,https://www.indeed.com/rc/clk?jk=5d174627dd6d197d&bb=n16mzXY8QU-xywPbvWwgXr8Sng7sj5IxAYROLUizxakHhIBxzw-oXLXUj20Jt5I8Ht76KR-MSpQ50vI7wKUcS6nYd-46jdx1f4iv0BPWQO8hhlBz9H4i1AKqP8w9a1uS&xkcb=SoAj67M3lu4Jg3yg6h0PbzkdCdPP&fccid=af103eaff391cdf0&vjs=3,Indeed,,False
DevOps,Cloud DevSecOps Search Engineer,SAIC,Remote in Virginia,,Hybrid,https://www.indeed.com/rc/clk?jk=ddbd615ba5dcd6e3&bb=n16mzXY8QU-xywPbvWwgXpcS48t3zAznCgQbpasPysOIdvkxvhwzCyAZiaATIzXIfyfhTyEYqEhQShGLOyfNlGojSORgGWCyLDb5VAv2hibVM6UUvZdpwfPAynWAjpy2&xkcb=SoBX67M3lu4Jg3yg6h0DbzkdCdPP&fccid=f3b836e645f9b36d&vjs=3,Indeed,,False
DevOps,DevOps Engineer,Intone Networks,Remote,,Hybrid,https://www.indeed.com/rc/clk?jk=e9c1abb4f62b4589&bb=n16mzXY8QU-xywPbvWwgXvIsSuse6ZtusRbabxMH1SWKQ6GN7iNp3t8-uoMuAtiUTkxXPiQoi9bjQ5s9Fr_-H-Y_y0j0QpzN3X4a8lzdSq-aQQH0tZtJrTkRA1EU7n6C&xkcb=SoDj67M3lu4Jg3yg6h0CbzkdCdPP&fccid=3ed0572c448b2368&vjs=3,Indeed,,False
DevOps,Sr DevOps Engineer (Contract),PlayStation Global,Remote,,Hybrid,https://www.indeed.com/rc/clk?jk=ac4f9d7f5697d8ee&bb=n16mzXY8QU-xywPbvWwgXm9gKstGuy6kF8sTJgr9WyoQpvwDVlznvUb9R94_8PdT-HnuTE3BUO681wRcXpu4aMmlK1fbC8axAqPGxGbpV5-hEnk0S41gu0OTjzYKq37C&xkcb=SoDw67M3lu4Jg3yg6h0GbzkdCdPP&fccid=750bb2e27e97e3c1&vjs=3,Indeed,,False
DevOps,Senior DevOps/Systems Administrator (Active Top Secret Clearance),ICF,"Remote in Huntsville, AL 35801",,Hybrid,https://www.indeed.com/rc/clk?jk=8fa2c9ae717e3419&bb=n16mzXY8QU-xywPbvWwgXsWjKzO50CbJGt3bWHMIf-xupbdEg0kBZmOxHEw7n8dPE0iV-kbtbwX0RaLugQJsh1PtMGfgk9O3d_otCbwVYdEkDeEagavkrrYzx4WDtkHL&xkcb=SoBt67M3lu4Jg3yg6h0FbzkdCdPP&fccid=e290923a98afee94&vjs=3,Indeed,,False
DevOps,Principal Software Engineer (SRE/DevOps) - Remote,Invisible Technologies,"Remote in San Francisco, CA 94104",,Hybrid,https://www.indeed.com/rc/clk?jk=29119cc0a601a0b3&bb=n16mzXY8QU-xywPbvWwgXmt9GXkkXwd4RhO0xOM7Ynyo6dzbb2XiHw2-vgrpegEntIJ0H7l01yIkUuqsh-ZQJD0LlfOQF_0Sm40qkRwQfI2a80htxyBd6KD7tY8dP56l&xkcb=SoBK67M3lu4Jg3yg6h0abzkdCdPP&fccid=c34504270a486ed1&vjs=3,Indeed,,False
DevOps,Staff Security Engineer (DevSecOps),Aledade,"Remote in Bethesda, MD",,Hybrid,https://www.indeed.com/rc/clk?jk=15ff8654dfa8b1da&bb=n16mzXY8QU-xywPbvWwgXrdgGT2EagQXai_5CJEyEXF3M2JnteiJKn8VCmm1E39tP0B144HKafMj5j19FI9f_4jUPo7V6XIuZRyIqpLBkeMHiX8Y9aO-VxYhbRfjXzJ2&xkcb=SoDX67M3lu4Jg3yg6h0ZbzkdCdPP&fccid=89ea3dba7cc894ea&vjs=3,Indeed,,False
DevOps,Validation DevOps Engineer,UST Global,"Remote in Redmond, WA",,Hybrid,https://www.indeed.com/rc/clk?jk=8e54b5922b3ae0ef&bb=n16mzXY8QU-xywPbvWwgXl0OrwKLjhfn-_s9evl1XB-uurD8LFkFvcI3nXF-0C0Ccgizactbrp7ksyZRXfME_ImvXAAuNez7FgSD-sgvEu95KiF7HzV0XA5DLOnsCnqm&xkcb=SoBj67M3lu4Jg3yg6h0YbzkdCdPP&fccid=810178099fb1fcbc&vjs=3,Indeed,,False
DevOps,Senior DevOps Program Manager,Keeper Security,Remote,,Hybrid,https://www.indeed.com/rc/clk?jk=60b38599fdc94819&bb=n16mzXY8QU-xywPbvWwgXte8a2D09Em-Iqa0xs1GDwHDtzDhMrlkfAg_NzUOVH8idSXv31t2DUIf95XAFhL8LRM92dl0WaLnAAW9UFi5UIUfleXdtqolnBSR_v7XBeWW&xkcb=SoDt67M3lu4Jg3yg6h0fbzkdCdPP&fccid=0f810025f4229300&vjs=3,Indeed,,False
DevOps,"Senior Manager, Federal Platform Operations (DevOps/Release Engineering, IL5/IL6 & Classified)",Keeper Security,Remote,,Hybrid,https://www.indeed.com/rc/clk?jk=de812a2d7e44c651&bb=n16mzXY8QU-xywPbvWwgXlmjIlMwbePJs41YSN_PlZwbY6v5IYBdNDrGK80MVJzMCuxlYLL5Gi4PJ6-_twMHEPhI9IO5NnUrq0S9pcdT5spsY7jMcl1KWQcF3FkMiIVZ&xkcb=SoBZ67M3lu4Jg3yg6h0ebzkdCdPP&fccid=0f810025f4229300&vjs=3,Indeed,,False
DevOps,"Senior Manager, Federal Platform Operations (DevOps/Release Engineering, IL5/IL6 & Classified)","Keeper Security, Inc.",Remote,,Hybrid,https://www.indeed.com/rc/clk?jk=b83b4812f8e2bde8&bb=n16mzXY8QU-xywPbvWwgXkP96Fhxynrl0oCCVlAFl8ghUQq67O7RTizrAX-niq6lJohJy-gotzyzIYajuFKvCrJrj_Hg-JfowA5b7vuQ192QAPUeU-ylXzicQk2Zd6D5&xkcb=SoDE67M3lu4Jg3yg6h0dbzkdCdPP&fccid=0989557c1ef860a0&vjs=3,Indeed,,False
