job_title,company,location,work_type,salary,date_posted,job_role,description_snippet,url
Software Engineer III,Splunk,"New York, NY (Hybrid)",Hybrid,"$160,000 - $200,000 a year",2026-04-05,Software Engineer,Design and develop scalable backend services using Python and Go. Collaborate with cross-functional teams to deliver high-quality software.,https://www.indeed.com/viewjob?jk=826600539
Senior Software Engineer,MITRE,"Nashville, TN (Hybrid)",Hybrid,$70 - $95 an hour,2026-04-02,Software Engineer,Design and develop scalable backend services using Python and Go. Collaborate with cross-functional teams to deliver high-quality software.,https://www.indeed.com/viewjob?jk=200604502
Junior Software Engineer,Amazon,Remote,Remote,"$160,000 - $200,000 a year",2026-04-23,Software Engineer,Implement new features and fix bugs in our flagship SaaS product. Participate in code reviews and technical design discussions.,https://www.indeed.com/viewjob?jk=550455977
Software Engineer III,Google,Remote,Remote,"$130,000 - $170,000 a year",2026-04-23,Software Engineer,Contribute to our core platform engineering team. Strong knowledge of distributed systems and algorithms expected.,https://www.indeed.com/viewjob?jk=465341213
Principal Software Engineer,Accenture,Remote,Remote,"$100,000 - $140,000 a year",2026-04-13,Software Engineer,Design and develop scalable backend services using Python and Go. Collaborate with cross-functional teams to deliver high-quality software.,https://www.indeed.com/viewjob?jk=485451171
Software Engineer III,Microsoft,"Columbus, OH",On-site,,2026-04-18,Software Engineer,Design and develop scalable backend services using Python and Go. Collaborate with cross-functional teams to deliver high-quality software.,https://www.indeed.com/viewjob?jk=506448196
Junior Software Engineer,Workday,Remote,Remote,"$160,000 - $200,000 a year",2026-04-23,Software Engineer,Design and develop scalable backend services using Python and Go. Collaborate with cross-functional teams to deliver high-quality software.,https://www.indeed.com/viewjob?jk=149203558
Senior Software Engineer,Datadog,"Washington, DC (Hybrid)",Hybrid,"$100,000 - $140,000 a year",2026-04-13,Software Engineer,"Develop cloud-native applications on AWS. Experience with microservices, Docker, and Kubernetes required.",https://www.indeed.com/viewjob?jk=586845604
Staff Software Engineer,Workday,"Dallas, TX (Hybrid)",Hybrid,$50 - $75 an hour,2026-04-07,Software Engineer,"Develop cloud-native applications on AWS. Experience with microservices, Docker, and Kubernetes required.",https://www.indeed.com/viewjob?jk=853573823
Junior Software Engineer,Cerner,"Seattle, WA",On-site,"$130,000 - $170,000 a year",2026-04-18,Software Engineer,Build and maintain web applications using React and Node.js. Work in an agile environment with a focus on code quality and performance.,https://www.indeed.com/viewjob?jk=275452091
Full Stack Software Engineer,Datadog,"Raleigh, NC (Hybrid)",Hybrid,$50 - $75 an hour,2026-04-27,Software Engineer,Design and develop scalable backend services using Python and Go. Collaborate with cross-functional teams to deliver high-quality software.,https://www.indeed.com/viewjob?jk=345938494
Backend Software Engineer,Databricks,"Los Angeles, CA",On-site,"$100,000 - $140,000 a year",2026-04-07,Software Engineer,Implement new features and fix bugs in our flagship SaaS product. Participate in code reviews and technical design discussions.,https://www.indeed.com/viewjob?jk=870854579
Backend Software Engineer,Philips,Remote,Remote,,2026-04-05,Software Engineer,"Develop cloud-native applications on AWS. Experience with microservices, Docker, and Kubernetes required.",https://www.indeed.com/viewjob?jk=249926919
Full Stack Software Engineer,Snowflake,Remote,Remote,$70 - $95 an hour,2026-04-29,Software Engineer,Implement new features and fix bugs in our flagship SaaS product. Participate in code reviews and technical design discussions.,https://www.indeed.com/viewjob?jk=528853029
Full Stack Software Engineer,JPMorgan Chase,Remote,Remote,"$100,000 - $140,000 a year",2026-04-25,Software Engineer,Design and develop scalable backend services using Python and Go. Collaborate with cross-functional teams to deliver high-quality software.,https://www.indeed.com/viewjob?jk=217734861
Backend Software Engineer,UnitedHealth Group,Remote,Remote,"$100,000 - $140,000 a year",2026-04-13,Software Engineer,Contribute to our core platform engineering team. Strong knowledge of distributed systems and algorithms expected.,https://www.indeed.com/viewjob?jk=739830322
Software Engineer III,Raytheon,"Charlotte, NC",On-site,"$80,000 - $110,000 a year",2026-04-22,Software Engineer,Design and develop scalable backend services using Python and Go. Collaborate with cross-functional teams to deliver high-quality software.,https://www.indeed.com/viewjob?jk=831980933
Principal Software Engineer,Deloitte,"Raleigh, NC",On-site,"$90,000 - $120,000 a year",2026-04-14,Software Engineer,Build and maintain web applications using React and Node.js. Work in an agile environment with a focus on code quality and performance.,https://www.indeed.com/viewjob?jk=587182120
Full Stack Software Engineer,Palo Alto Networks,Remote,Remote,"$100,000 - $140,000 a year",2026-04-28,Software Engineer,"Develop cloud-native applications on AWS. Experience with microservices, Docker, and Kubernetes required.",https://www.indeed.com/viewjob?jk=786066793
Staff Software Engineer,Workday,"Denver, CO (Hybrid)",Hybrid,"$130,000 - $170,000 a year",2026-04-18,Software Engineer,Implement new features and fix bugs in our flagship SaaS product. Participate in code reviews and technical design discussions.,https://www.indeed.com/viewjob?jk=100614068
Software Engineer,Deloitte,"San Jose, CA (Hybrid)",Hybrid,$50 - $75 an hour,2026-04-29,Software Engineer,"Develop cloud-native applications on AWS. Experience with microservices, Docker, and Kubernetes required.",https://www.indeed.com/viewjob?jk=357109965
Senior Software Engineer,IBM,Remote,Remote,,2026-04-27,Software Engineer,Design and develop scalable backend services using Python and Go. Collaborate with cross-functional teams to deliver high-quality software.,https://www.indeed.com/viewjob?jk=916690353
Staff Software Engineer,Capital One,"Chicago, IL (Hybrid)",Hybrid,"$130,000 - $170,000 a year",2026-04-09,Software Engineer,Implement new features and fix bugs in our flagship SaaS product. Participate in code reviews and technical design discussions.,https://www.indeed.com/viewjob?jk=751325257
Full Stack Software Engineer,CrowdStrike,"Denver, CO (Hybrid)",Hybrid,"$90,000 - $120,000 a year",2026-04-13,Software Engineer,"Develop cloud-native applications on AWS. Experience with microservices, Docker, and Kubernetes required.",https://www.indeed.com/viewjob?jk=570406376
Senior Software Engineer,Splunk,"Portland, OR",On-site,"$160,000 - $200,000 a year",2026-04-03,Software Engineer,"Develop cloud-native applications on AWS. Experience with microservices, Docker, and Kubernetes required.",https://www.indeed.com/viewjob?jk=122585366
Junior Software Engineer,Datadog,"Atlanta, GA (Hybrid)",Hybrid,"$80,000 - $110,000 a year",2026-04-03,Software Engineer,Design and develop scalable backend services using Python and Go. Collaborate with cross-functional teams to deliver high-quality software.,https://www.indeed.com/viewjob?jk=345824373
Principal Software Engineer,Apple,Remote,Remote,"$160,000 - $200,000 a year",2026-04-09,Software Engineer,Contribute to our core platform engineering team. Strong knowledge of distributed systems and algorithms expected.,https://www.indeed.com/viewjob?jk=330035022
Junior Software Engineer,Capital One,"Pittsburgh, PA (Hybrid)",Hybrid,"$160,000 - $200,000 a year",2026-04-26,Software Engineer,Contribute to our core platform engineering team. Strong knowledge of distributed systems and algorithms expected.,https://www.indeed.com/viewjob?jk=967043303
Senior Software Engineer,Airbnb,"Austin, TX (Hybrid)",Hybrid,$50 - $75 an hour,2026-04-14,Software Engineer,Contribute to our core platform engineering team. Strong knowledge of distributed systems and algorithms expected.,https://www.indeed.com/viewjob?jk=601463916
Senior Software Engineer,Meta,"San Francisco, CA",On-site,$70 - $95 an hour,2026-04-24,Software Engineer,"Develop cloud-native applications on AWS. Experience with microservices, Docker, and Kubernetes required.",https://www.indeed.com/viewjob?jk=959629660
Software Engineer II,CrowdStrike,"Atlanta, GA",On-site,,2026-04-05,Software Engineer,Contribute to our core platform engineering team. Strong knowledge of distributed systems and algorithms expected.,https://www.indeed.com/viewjob?jk=297018781
Senior Software Engineer,DoorDash,Remote,Remote,"$100,000 - $140,000 a year",2026-04-02,Software Engineer,Implement new features and fix bugs in our flagship SaaS product. Participate in code reviews and technical design discussions.,https://www.indeed.com/viewjob?jk=997677788
Software Engineer II,Cisco,Remote,Remote,$70 - $95 an hour,2026-04-16,Software Engineer,Contribute to our core platform engineering team. Strong knowledge of distributed systems and algorithms expected.,https://www.indeed.com/viewjob?jk=329509408
Staff Software Engineer,LinkedIn,"San Francisco, CA",On-site,"$80,000 - $110,000 a year",2026-04-13,Software Engineer,"Develop cloud-native applications on AWS. Experience with microservices, Docker, and Kubernetes required.",https://www.indeed.com/viewjob?jk=941889393
Backend Software Engineer,Raytheon,"Washington, DC",On-site,,2026-04-05,Software Engineer,Build and maintain web applications using React and Node.js. Work in an agile environment with a focus on code quality and performance.,https://www.indeed.com/viewjob?jk=418587604
Junior Software Engineer,Lockheed Martin,Remote,Remote,"$80,000 - $110,000 a year",2026-04-24,Software Engineer,"Develop cloud-native applications on AWS. Experience with microservices, Docker, and Kubernetes required.",https://www.indeed.com/viewjob?jk=161380746
Full Stack Software Engineer,Goldman Sachs,Remote,Remote,"$130,000 - $170,000 a year",2026-04-02,Software Engineer,Implement new features and fix bugs in our flagship SaaS product. Participate in code reviews and technical design discussions.,https://www.indeed.com/viewjob?jk=186019028
Junior Software Engineer,Apple,"Seattle, WA",On-site,"$160,000 - $200,000 a year",2026-04-13,Software Engineer,Design and develop scalable backend services using Python and Go. Collaborate with cross-functional teams to deliver high-quality software.,https://www.indeed.com/viewjob?jk=711684318
Software Engineer,Epic Systems,Remote,Remote,"$100,000 - $140,000 a year",2026-04-14,Software Engineer,Implement new features and fix bugs in our flagship SaaS product. Participate in code reviews and technical design discussions.,https://www.indeed.com/viewjob?jk=706907788
Software Engineer II,GitHub,"Raleigh, NC (Hybrid)",Hybrid,"$160,000 - $200,000 a year",2026-04-09,Software Engineer,Contribute to our core platform engineering team. Strong knowledge of distributed systems and algorithms expected.,https://www.indeed.com/viewjob?jk=240529481
Frontend Software Engineer,GitHub,"Washington, DC (Hybrid)",Hybrid,"$100,000 - $140,000 a year",2026-04-01,Software Engineer,Contribute to our core platform engineering team. Strong knowledge of distributed systems and algorithms expected.,https://www.indeed.com/viewjob?jk=766964667
Senior Software Engineer,Lockheed Martin,"Austin, TX",On-site,"$160,000 - $200,000 a year",2026-04-17,Software Engineer,"Develop cloud-native applications on AWS. Experience with microservices, Docker, and Kubernetes required.",https://www.indeed.com/viewjob?jk=242224154
Software Engineer II,Workday,"Seattle, WA",On-site,"$90,000 - $120,000 a year",2026-04-06,Software Engineer,Contribute to our core platform engineering team. Strong knowledge of distributed systems and algorithms expected.,https://www.indeed.com/viewjob?jk=995226828
Junior Software Engineer,Philips,"Washington, DC (Hybrid)",Hybrid,"$80,000 - $110,000 a year",2026-04-22,Software Engineer,Implement new features and fix bugs in our flagship SaaS product. Participate in code reviews and technical design discussions.,https://www.indeed.com/viewjob?jk=421455482
Staff Software Engineer,Snowflake,"Austin, TX",On-site,"$100,000 - $140,000 a year",2026-04-29,Software Engineer,Design and develop scalable backend services using Python and Go. Collaborate with cross-functional teams to deliver high-quality software.,https://www.indeed.com/viewjob?jk=897163846
Software Engineer III,UnitedHealth Group,"Raleigh, NC (Hybrid)",Hybrid,"$160,000 - $200,000 a year",2026-04-23,Software Engineer,"Develop cloud-native applications on AWS. Experience with microservices, Docker, and Kubernetes required.",https://www.indeed.com/viewjob?jk=318610946
Full Stack Software Engineer,JPMorgan Chase,"Raleigh, NC (Hybrid)",Hybrid,"$90,000 - $120,000 a year",2026-04-29,Software Engineer,Design and develop scalable backend services using Python and Go. Collaborate with cross-functional teams to deliver high-quality software.,https://www.indeed.com/viewjob?jk=199104722
Software Engineer,Google,"Raleigh, NC (Hybrid)",Hybrid,$50 - $75 an hour,2026-04-25,Software Engineer,Build and maintain web applications using React and Node.js. Work in an agile environment with a focus on code quality and performance.,https://www.indeed.com/viewjob?jk=784095277
Frontend Software Engineer,Raytheon,"Boston, MA",On-site,$70 - $95 an hour,2026-04-18,Software Engineer,Design and develop scalable backend services using Python and Go. Collaborate with cross-functional teams to deliver high-quality software.,https://www.indeed.com/viewjob?jk=220123666
Full Stack Software Engineer,Microsoft,Remote,Remote,$50 - $75 an hour,2026-04-19,Software Engineer,Implement new features and fix bugs in our flagship SaaS product. Participate in code reviews and technical design discussions.,https://www.indeed.com/viewjob?jk=259014493
Software Engineer III,Workday,"San Francisco, CA (Hybrid)",Hybrid,"$80,000 - $110,000 a year",2026-04-29,Software Engineer,"Develop cloud-native applications on AWS. Experience with microservices, Docker, and Kubernetes required.",https://www.indeed.com/viewjob?jk=325567963
Principal Software Engineer,Raytheon,"Austin, TX (Hybrid)",Hybrid,$70 - $95 an hour,2026-04-20,Software Engineer,Build and maintain web applications using React and Node.js. Work in an agile environment with a focus on code quality and performance.,https://www.indeed.com/viewjob?jk=354194771
Backend Software Engineer,Amazon,"Boston, MA",On-site,"$130,000 - $170,000 a year",2026-04-24,Software Engineer,"Develop cloud-native applications on AWS. Experience with microservices, Docker, and Kubernetes required.",https://www.indeed.com/viewjob?jk=940081098
Software Engineer III,Cisco,"Atlanta, GA",On-site,"$100,000 - $140,000 a year",2026-04-13,Software Engineer,Design and develop scalable backend services using Python and Go. Collaborate with cross-functional teams to deliver high-quality software.,https://www.indeed.com/viewjob?jk=605399561
Principal Software Engineer,Twilio,Remote,Remote,"$160,000 - $200,000 a year",2026-04-08,Software Engineer,Design and develop scalable backend services using Python and Go. Collaborate with cross-functional teams to deliver high-quality software.,https://www.indeed.com/viewjob?jk=808705238
Software Engineer III,Apple,Remote,Remote,"$90,000 - $120,000 a year",2026-04-12,Software Engineer,Implement new features and fix bugs in our flagship SaaS product. Participate in code reviews and technical design discussions.,https://www.indeed.com/viewjob?jk=529151399
Principal Software Engineer,Amazon,"Nashville, TN (Hybrid)",Hybrid,"$100,000 - $140,000 a year",2026-04-29,Software Engineer,"Develop cloud-native applications on AWS. Experience with microservices, Docker, and Kubernetes required.",https://www.indeed.com/viewjob?jk=291735734
Software Engineer,Accenture,"Raleigh, NC (Hybrid)",Hybrid,$70 - $95 an hour,2026-04-12,Software Engineer,"Develop cloud-native applications on AWS. Experience with microservices, Docker, and Kubernetes required.",https://www.indeed.com/viewjob?jk=568574364
Senior Software Engineer,LinkedIn,"Charlotte, NC (Hybrid)",Hybrid,"$160,000 - $200,000 a year",2026-04-09,Software Engineer,Design and develop scalable backend services using Python and Go. Collaborate with cross-functional teams to deliver high-quality software.,https://www.indeed.com/viewjob?jk=861052404
Full Stack Software Engineer,CrowdStrike,"Charlotte, NC (Hybrid)",Hybrid,$50 - $75 an hour,2026-04-14,Software Engineer,Design and develop scalable backend services using Python and Go. Collaborate with cross-functional teams to deliver high-quality software.,https://www.indeed.com/viewjob?jk=813219781
Financial Data Analyst,Deloitte,"Columbus, OH",On-site,$45 - $65 an hour,2026-04-29,Data Analyst,Work with stakeholders to define KPIs and create self-service analytics solutions. Strong Excel and SQL skills required.,https://www.indeed.com/viewjob?jk=644518647
Financial Data Analyst,Uber,"Minneapolis, MN (Hybrid)",Hybrid,$45 - $65 an hour,2026-04-10,Data Analyst,Support the finance team with financial modeling and forecasting. Advanced SQL and data visualization skills required.,https://www.indeed.com/viewjob?jk=236674237
Business Intelligence Analyst,Epic Systems,Remote,Remote,$40 - $55 an hour,2026-04-10,Data Analyst,Perform statistical analysis and A/B testing to optimize product features. Experience with R or Python preferred.,https://www.indeed.com/viewjob?jk=688343096
Marketing Data Analyst,HashiCorp,"Washington, DC",On-site,"$55,000 - $75,000 a year",2026-04-26,Data Analyst,Support the finance team with financial modeling and forecasting. Advanced SQL and data visualization skills required.,https://www.indeed.com/viewjob?jk=751397897
Junior Data Analyst,DoorDash,"Portland, OR (Hybrid)",Hybrid,$45 - $65 an hour,2026-04-07,Data Analyst,Support the finance team with financial modeling and forecasting. Advanced SQL and data visualization skills required.,https://www.indeed.com/viewjob?jk=608079792
Senior Data Analyst,Stripe,"Boston, MA",On-site,$40 - $55 an hour,2026-04-22,Data Analyst,Support the finance team with financial modeling and forecasting. Advanced SQL and data visualization skills required.,https://www.indeed.com/viewjob?jk=459905654
Marketing Data Analyst,Datadog,Remote,Remote,,2026-04-07,Data Analyst,Build dashboards and reports in Power BI to support operations and marketing teams. Experience with data modeling a plus.,https://www.indeed.com/viewjob?jk=126226563
Product Data Analyst,Apple,Remote,Remote,"$55,000 - $75,000 a year",2026-04-14,Data Analyst,Support the finance team with financial modeling and forecasting. Advanced SQL and data visualization skills required.,https://www.indeed.com/viewjob?jk=308773243
Junior Data Analyst,Uber,"Phoenix, AZ (Hybrid)",Hybrid,"$75,000 - $100,000 a year",2026-04-05,Data Analyst,"Analyze large datasets to uncover insights that drive business decisions. Proficiency in SQL, Python, and Tableau required.",https://www.indeed.com/viewjob?jk=906341966
Operations Data Analyst,Datadog,"Austin, TX",On-site,"$75,000 - $100,000 a year",2026-04-26,Data Analyst,Support the finance team with financial modeling and forecasting. Advanced SQL and data visualization skills required.,https://www.indeed.com/viewjob?jk=598806645
Senior Data Analyst,Robinhood,Remote,Remote,"$75,000 - $100,000 a year",2026-04-26,Data Analyst,Perform statistical analysis and A/B testing to optimize product features. Experience with R or Python preferred.,https://www.indeed.com/viewjob?jk=816806128
Product Data Analyst,GitHub,"Nashville, TN (Hybrid)",Hybrid,,2026-04-29,Data Analyst,Perform statistical analysis and A/B testing to optimize product features. Experience with R or Python preferred.,https://www.indeed.com/viewjob?jk=757830420
Operations Data Analyst,Raytheon,"Charlotte, NC",On-site,"$55,000 - $75,000 a year",2026-04-29,Data Analyst,Build dashboards and reports in Power BI to support operations and marketing teams. Experience with data modeling a plus.,https://www.indeed.com/viewjob?jk=898493949
Marketing Data Analyst,Splunk,"Portland, OR",On-site,,2026-04-21,Data Analyst,Work with stakeholders to define KPIs and create self-service analytics solutions. Strong Excel and SQL skills required.,https://www.indeed.com/viewjob?jk=922286180
Data Analyst II,Databricks,"San Jose, CA",On-site,"$55,000 - $75,000 a year",2026-04-03,Data Analyst,Work with stakeholders to define KPIs and create self-service analytics solutions. Strong Excel and SQL skills required.,https://www.indeed.com/viewjob?jk=351785565
Lead Data Analyst,IBM,Remote,Remote,"$75,000 - $100,000 a year",2026-04-05,Data Analyst,Build dashboards and reports in Power BI to support operations and marketing teams. Experience with data modeling a plus.,https://www.indeed.com/viewjob?jk=511281012
Senior Data Analyst,Lyft,"Denver, CO (Hybrid)",Hybrid,"$55,000 - $75,000 a year",2026-04-11,Data Analyst,Support the finance team with financial modeling and forecasting. Advanced SQL and data visualization skills required.,https://www.indeed.com/viewjob?jk=600282414
Operations Data Analyst,LinkedIn,"Denver, CO (Hybrid)",Hybrid,,2026-04-19,Data Analyst,"Analyze large datasets to uncover insights that drive business decisions. Proficiency in SQL, Python, and Tableau required.",https://www.indeed.com/viewjob?jk=922050912
Data Analyst,ServiceNow,"San Jose, CA (Hybrid)",Hybrid,"$90,000 - $120,000 a year",2026-04-25,Data Analyst,Perform statistical analysis and A/B testing to optimize product features. Experience with R or Python preferred.,https://www.indeed.com/viewjob?jk=997356828
Product Data Analyst,Datadog,"Nashville, TN (Hybrid)",Hybrid,"$55,000 - $75,000 a year",2026-04-08,Data Analyst,Work with stakeholders to define KPIs and create self-service analytics solutions. Strong Excel and SQL skills required.,https://www.indeed.com/viewjob?jk=567975319
Financial Data Analyst,Uber,"Phoenix, AZ (Hybrid)",Hybrid,$45 - $65 an hour,2026-04-06,Data Analyst,Perform statistical analysis and A/B testing to optimize product features. Experience with R or Python preferred.,https://www.indeed.com/viewjob?jk=237039296
Data Analyst,Uber,"Nashville, TN",On-site,$40 - $55 an hour,2026-04-19,Data Analyst,"Analyze large datasets to uncover insights that drive business decisions. Proficiency in SQL, Python, and Tableau required.",https://www.indeed.com/viewjob?jk=190137896
Junior Data Analyst,Palo Alto Networks,"Chicago, IL (Hybrid)",Hybrid,"$60,000 - $85,000 a year",2026-04-09,Data Analyst,Perform statistical analysis and A/B testing to optimize product features. Experience with R or Python preferred.,https://www.indeed.com/viewjob?jk=451492250
Financial Data Analyst,LinkedIn,Remote,Remote,"$90,000 - $120,000 a year",2026-04-25,Data Analyst,Perform statistical analysis and A/B testing to optimize product features. Experience with R or Python preferred.,https://www.indeed.com/viewjob?jk=370874491
Data Analyst,Lockheed Martin,"San Jose, CA",On-site,"$60,000 - $85,000 a year",2026-04-12,Data Analyst,Build dashboards and reports in Power BI to support operations and marketing teams. Experience with data modeling a plus.,https://www.indeed.com/viewjob?jk=798086909
Data Analyst,Splunk,Remote,Remote,"$75,000 - $100,000 a year",2026-04-27,Data Analyst,"Analyze large datasets to uncover insights that drive business decisions. Proficiency in SQL, Python, and Tableau required.",https://www.indeed.com/viewjob?jk=767154083
Junior Data Analyst,Deloitte,Remote,Remote,$40 - $55 an hour,2026-04-07,Data Analyst,Perform statistical analysis and A/B testing to optimize product features. Experience with R or Python preferred.,https://www.indeed.com/viewjob?jk=851044796
Business Intelligence Analyst,UnitedHealth Group,Remote,Remote,$40 - $55 an hour,2026-04-24,Data Analyst,"Analyze large datasets to uncover insights that drive business decisions. Proficiency in SQL, Python, and Tableau required.",https://www.indeed.com/viewjob?jk=935147672
Senior Data Analyst,MITRE,"Washington, DC",On-site,"$60,000 - $85,000 a year",2026-04-30,Data Analyst,Work with stakeholders to define KPIs and create self-service analytics solutions. Strong Excel and SQL skills required.,https://www.indeed.com/viewjob?jk=718257024
Operations Data Analyst,CrowdStrike,"Phoenix, AZ (Hybrid)",Hybrid,"$60,000 - $85,000 a year",2026-04-19,Data Analyst,Build dashboards and reports in Power BI to support operations and marketing teams. Experience with data modeling a plus.,https://www.indeed.com/viewjob?jk=209415691
Product Data Analyst,Deloitte,"Washington, DC (Hybrid)",Hybrid,,2026-04-19,Data Analyst,"Analyze large datasets to uncover insights that drive business decisions. Proficiency in SQL, Python, and Tableau required.",https://www.indeed.com/viewjob?jk=472807202
Senior Data Analyst,Bank of America,"Dallas, TX (Hybrid)",Hybrid,$45 - $65 an hour,2026-04-11,Data Analyst,"Analyze large datasets to uncover insights that drive business decisions. Proficiency in SQL, Python, and Tableau required.",https://www.indeed.com/viewjob?jk=551034639
Operations Data Analyst,Workday,"Austin, TX",On-site,$45 - $65 an hour,2026-04-29,Data Analyst,Perform statistical analysis and A/B testing to optimize product features. Experience with R or Python preferred.,https://www.indeed.com/viewjob?jk=859466878
Lead Data Analyst,Philips,Remote,Remote,"$90,000 - $120,000 a year",2026-04-20,Data Analyst,Support the finance team with financial modeling and forecasting. Advanced SQL and data visualization skills required.,https://www.indeed.com/viewjob?jk=931764920
Product Data Analyst,Databricks,"Minneapolis, MN (Hybrid)",Hybrid,"$90,000 - $120,000 a year",2026-04-28,Data Analyst,Build dashboards and reports in Power BI to support operations and marketing teams. Experience with data modeling a plus.,https://www.indeed.com/viewjob?jk=991990632
Junior Data Analyst,Splunk,"Raleigh, NC",On-site,,2026-04-15,Data Analyst,Support the finance team with financial modeling and forecasting. Advanced SQL and data visualization skills required.,https://www.indeed.com/viewjob?jk=755338677
Data Analyst,JPMorgan Chase,"Los Angeles, CA (Hybrid)",Hybrid,,2026-04-11,Data Analyst,Build dashboards and reports in Power BI to support operations and marketing teams. Experience with data modeling a plus.,https://www.indeed.com/viewjob?jk=623502759
Financial Data Analyst,Databricks,Remote,Remote,$40 - $55 an hour,2026-04-23,Data Analyst,Work with stakeholders to define KPIs and create self-service analytics solutions. Strong Excel and SQL skills required.,https://www.indeed.com/viewjob?jk=696776072
Senior Data Analyst,Splunk,Remote,Remote,$45 - $65 an hour,2026-04-14,Data Analyst,Perform statistical analysis and A/B testing to optimize product features. Experience with R or Python preferred.,https://www.indeed.com/viewjob?jk=696115913
Junior Data Analyst,DoorDash,"San Jose, CA",On-site,,2026-04-01,Data Analyst,"Analyze large datasets to uncover insights that drive business decisions. Proficiency in SQL, Python, and Tableau required.",https://www.indeed.com/viewjob?jk=415933049
Marketing Data Analyst,MITRE,Remote,Remote,"$90,000 - $120,000 a year",2026-04-16,Data Analyst,Support the finance team with financial modeling and forecasting. Advanced SQL and data visualization skills required.,https://www.indeed.com/viewjob?jk=670073085
Financial Data Analyst,ServiceNow,"Nashville, TN (Hybrid)",Hybrid,$45 - $65 an hour,2026-04-15,Data Analyst,Work with stakeholders to define KPIs and create self-service analytics solutions. Strong Excel and SQL skills required.,https://www.indeed.com/viewjob?jk=429233929
Data Analyst II,GitHub,Remote,Remote,"$60,000 - $85,000 a year",2026-04-24,Data Analyst,Support the finance team with financial modeling and forecasting. Advanced SQL and data visualization skills required.,https://www.indeed.com/viewjob?jk=918394863
Data Analyst II,Capital One,"Denver, CO (Hybrid)",Hybrid,"$90,000 - $120,000 a year",2026-04-24,Data Analyst,Support the finance team with financial modeling and forecasting. Advanced SQL and data visualization skills required.,https://www.indeed.com/viewjob?jk=916267011
Senior Data Analyst,CrowdStrike,"Washington, DC (Hybrid)",Hybrid,"$90,000 - $120,000 a year",2026-04-08,Data Analyst,Work with stakeholders to define KPIs and create self-service analytics solutions. Strong Excel and SQL skills required.,https://www.indeed.com/viewjob?jk=292673892
Business Intelligence Analyst,Databricks,"Nashville, TN (Hybrid)",Hybrid,"$60,000 - $85,000 a year",2026-04-02,Data Analyst,Support the finance team with financial modeling and forecasting. Advanced SQL and data visualization skills required.,https://www.indeed.com/viewjob?jk=413679331
Junior Data Analyst,Accenture,"Chicago, IL (Hybrid)",Hybrid,,2026-04-01,Data Analyst,Support the finance team with financial modeling and forecasting. Advanced SQL and data visualization skills required.,https://www.indeed.com/viewjob?jk=405307028
Financial Data Analyst,Palo Alto Networks,"Portland, OR (Hybrid)",Hybrid,"$60,000 - $85,000 a year",2026-04-09,Data Analyst,Perform statistical analysis and A/B testing to optimize product features. Experience with R or Python preferred.,https://www.indeed.com/viewjob?jk=222500131
Junior Data Analyst,Apple,"Phoenix, AZ",On-site,$40 - $55 an hour,2026-04-21,Data Analyst,"Analyze large datasets to uncover insights that drive business decisions. Proficiency in SQL, Python, and Tableau required.",https://www.indeed.com/viewjob?jk=262915636
Marketing Data Analyst,IBM,Remote,Remote,"$75,000 - $100,000 a year",2026-04-04,Data Analyst,Support the finance team with financial modeling and forecasting. Advanced SQL and data visualization skills required.,https://www.indeed.com/viewjob?jk=920814900
Product Data Analyst,Datadog,"Columbus, OH (Hybrid)",Hybrid,,2026-04-17,Data Analyst,Perform statistical analysis and A/B testing to optimize product features. Experience with R or Python preferred.,https://www.indeed.com/viewjob?jk=583736219
Product Data Analyst,Airbnb,"Washington, DC",On-site,"$90,000 - $120,000 a year",2026-04-19,Data Analyst,Support the finance team with financial modeling and forecasting. Advanced SQL and data visualization skills required.,https://www.indeed.com/viewjob?jk=164671796
Data Analyst II,Cerner,"Austin, TX (Hybrid)",Hybrid,"$75,000 - $100,000 a year",2026-04-09,Data Analyst,"Analyze large datasets to uncover insights that drive business decisions. Proficiency in SQL, Python, and Tableau required.",https://www.indeed.com/viewjob?jk=268638768
Senior Data Analyst,Cisco,Remote,Remote,"$60,000 - $85,000 a year",2026-04-14,Data Analyst,Perform statistical analysis and A/B testing to optimize product features. Experience with R or Python preferred.,https://www.indeed.com/viewjob?jk=840206617
Data Analyst,Datadog,"Washington, DC (Hybrid)",Hybrid,"$90,000 - $120,000 a year",2026-04-23,Data Analyst,Work with stakeholders to define KPIs and create self-service analytics solutions. Strong Excel and SQL skills required.,https://www.indeed.com/viewjob?jk=854827139
Data Analyst II,Snowflake,"Seattle, WA",On-site,,2026-04-26,Data Analyst,Support the finance team with financial modeling and forecasting. Advanced SQL and data visualization skills required.,https://www.indeed.com/viewjob?jk=809939880
Operations Data Analyst,Deloitte,"Denver, CO",On-site,$40 - $55 an hour,2026-04-08,Data Analyst,Build dashboards and reports in Power BI to support operations and marketing teams. Experience with data modeling a plus.,https://www.indeed.com/viewjob?jk=385220694
Data Analyst,Cisco,"Seattle, WA",On-site,,2026-04-10,Data Analyst,Support the finance team with financial modeling and forecasting. Advanced SQL and data visualization skills required.,https://www.indeed.com/viewjob?jk=904187231
Junior Data Analyst,Deloitte,"Washington, DC",On-site,"$55,000 - $75,000 a year",2026-04-23,Data Analyst,Work with stakeholders to define KPIs and create self-service analytics solutions. Strong Excel and SQL skills required.,https://www.indeed.com/viewjob?jk=851333320
Lead Data Analyst,Lockheed Martin,"Raleigh, NC (Hybrid)",Hybrid,"$55,000 - $75,000 a year",2026-04-15,Data Analyst,"Analyze large datasets to uncover insights that drive business decisions. Proficiency in SQL, Python, and Tableau required.",https://www.indeed.com/viewjob?jk=742136977
Cybersecurity Specialist,UnitedHealth Group,Remote,Remote,"$140,000 - $180,000 a year",2026-04-01,Cybersecurity,Monitor and respond to security incidents using SIEM tools. Experience with Splunk or Microsoft Sentinel preferred.,https://www.indeed.com/viewjob?jk=345805719
Cybersecurity Consultant,Amazon,"Pittsburgh, PA",On-site,,2026-04-22,Cybersecurity,Implement and manage cloud security controls across AWS and Azure environments. Knowledge of zero-trust architecture required.,https://www.indeed.com/viewjob?jk=718740490
Cloud Security Engineer,Goldman Sachs,Remote,Remote,$75 - $100 an hour,2026-04-15,Cybersecurity,Implement and manage cloud security controls across AWS and Azure environments. Knowledge of zero-trust architecture required.,https://www.indeed.com/viewjob?jk=294872482
Cloud Security Engineer,IBM,"Minneapolis, MN",On-site,"$95,000 - $130,000 a year",2026-04-12,Cybersecurity,"Develop and maintain security policies, procedures, and awareness programs. CISSP or CISM certification preferred.",https://www.indeed.com/viewjob?jk=457887167
Senior Cybersecurity Engineer,Atlassian,"Austin, TX (Hybrid)",Hybrid,"$95,000 - $130,000 a year",2026-04-23,Cybersecurity,"Develop and maintain security policies, procedures, and awareness programs. CISSP or CISM certification preferred.",https://www.indeed.com/viewjob?jk=409471503
Application Security Engineer,Microsoft,"Phoenix, AZ",On-site,"$95,000 - $130,000 a year",2026-04-03,Cybersecurity,Implement and manage cloud security controls across AWS and Azure environments. Knowledge of zero-trust architecture required.,https://www.indeed.com/viewjob?jk=371011200
Application Security Engineer,Google,"Phoenix, AZ (Hybrid)",Hybrid,$75 - $100 an hour,2026-04-28,Cybersecurity,"Investigate security alerts, perform forensic analysis, and produce incident reports. Strong knowledge of MITRE ATT&CK framework.",https://www.indeed.com/viewjob?jk=596043327
Application Security Engineer,Workday,"Denver, CO (Hybrid)",Hybrid,$60 - $85 an hour,2026-04-25,Cybersecurity,"Develop and maintain security policies, procedures, and awareness programs. CISSP or CISM certification preferred.",https://www.indeed.com/viewjob?jk=771527524
Security Operations Center Analyst,Databricks,"San Francisco, CA (Hybrid)",Hybrid,$60 - $85 an hour,2026-04-05,Cybersecurity,Implement and manage cloud security controls across AWS and Azure environments. Knowledge of zero-trust architecture required.,https://www.indeed.com/viewjob?jk=570423569
Information Security Analyst,Amazon,"San Jose, CA",On-site,$75 - $100 an hour,2026-04-20,Cybersecurity,Conduct vulnerability assessments and penetration tests on web applications and infrastructure. OSCP certification a plus.,https://www.indeed.com/viewjob?jk=862123506
Cybersecurity Analyst,Raytheon,Remote,Remote,"$95,000 - $130,000 a year",2026-04-03,Cybersecurity,Conduct vulnerability assessments and penetration tests on web applications and infrastructure. OSCP certification a plus.,https://www.indeed.com/viewjob?jk=221827951
Senior Cybersecurity Engineer,JPMorgan Chase,"Austin, TX (Hybrid)",Hybrid,$75 - $100 an hour,2026-04-10,Cybersecurity,"Investigate security alerts, perform forensic analysis, and produce incident reports. Strong knowledge of MITRE ATT&CK framework.",https://www.indeed.com/viewjob?jk=857429971
Cloud Security Engineer,Splunk,"San Jose, CA (Hybrid)",Hybrid,"$95,000 - $130,000 a year",2026-04-18,Cybersecurity,Conduct vulnerability assessments and penetration tests on web applications and infrastructure. OSCP certification a plus.,https://www.indeed.com/viewjob?jk=511872350
Application Security Engineer,Salesforce,Remote,Remote,,2026-04-03,Cybersecurity,Implement and manage cloud security controls across AWS and Azure environments. Knowledge of zero-trust architecture required.,https://www.indeed.com/viewjob?jk=929653607
Cybersecurity Specialist,Bank of America,"Minneapolis, MN",On-site,"$140,000 - $180,000 a year",2026-04-27,Cybersecurity,Monitor and respond to security incidents using SIEM tools. Experience with Splunk or Microsoft Sentinel preferred.,https://www.indeed.com/viewjob?jk=403696046
Cybersecurity Consultant,JPMorgan Chase,"Pittsburgh, PA",On-site,,2026-04-05,Cybersecurity,"Develop and maintain security policies, procedures, and awareness programs. CISSP or CISM certification preferred.",https://www.indeed.com/viewjob?jk=678296492
Application Security Engineer,Lockheed Martin,"Los Angeles, CA (Hybrid)",Hybrid,"$95,000 - $130,000 a year",2026-04-15,Cybersecurity,Implement and manage cloud security controls across AWS and Azure environments. Knowledge of zero-trust architecture required.,https://www.indeed.com/viewjob?jk=302563940
Cybersecurity Consultant,LinkedIn,"Atlanta, GA",On-site,"$110,000 - $150,000 a year",2026-04-28,Cybersecurity,"Develop and maintain security policies, procedures, and awareness programs. CISSP or CISM certification preferred.",https://www.indeed.com/viewjob?jk=146865930
Network Security Engineer,LinkedIn,"San Jose, CA (Hybrid)",Hybrid,$75 - $100 an hour,2026-04-26,Cybersecurity,Conduct vulnerability assessments and penetration tests on web applications and infrastructure. OSCP certification a plus.,https://www.indeed.com/viewjob?jk=631855083
Application Security Engineer,MITRE,"Chicago, IL",On-site,"$140,000 - $180,000 a year",2026-04-28,Cybersecurity,Monitor and respond to security incidents using SIEM tools. Experience with Splunk or Microsoft Sentinel preferred.,https://www.indeed.com/viewjob?jk=572775194
Cybersecurity Analyst,Oracle,Remote,Remote,"$95,000 - $130,000 a year",2026-04-28,Cybersecurity,Conduct vulnerability assessments and penetration tests on web applications and infrastructure. OSCP certification a plus.,https://www.indeed.com/viewjob?jk=180346223
Cybersecurity Specialist,Epic Systems,"Raleigh, NC (Hybrid)",Hybrid,$75 - $100 an hour,2026-04-13,Cybersecurity,Monitor and respond to security incidents using SIEM tools. Experience with Splunk or Microsoft Sentinel preferred.,https://www.indeed.com/viewjob?jk=452794611
Network Security Engineer,GitHub,"Nashville, TN",On-site,$75 - $100 an hour,2026-04-23,Cybersecurity,"Develop and maintain security policies, procedures, and awareness programs. CISSP or CISM certification preferred.",https://www.indeed.com/viewjob?jk=680911523
Security Operations Center Analyst,Cerner,Remote,Remote,$75 - $100 an hour,2026-04-30,Cybersecurity,Implement and manage cloud security controls across AWS and Azure environments. Knowledge of zero-trust architecture required.,https://www.indeed.com/viewjob?jk=344261532
Information Security Analyst,Cerner,"Minneapolis, MN",On-site,$75 - $100 an hour,2026-04-28,Cybersecurity,Monitor and respond to security incidents using SIEM tools. Experience with Splunk or Microsoft Sentinel preferred.,https://www.indeed.com/viewjob?jk=576396216
Cybersecurity Analyst,Microsoft,Remote,Remote,"$140,000 - $180,000 a year",2026-04-26,Cybersecurity,Monitor and respond to security incidents using SIEM tools. Experience with Splunk or Microsoft Sentinel preferred.,https://www.indeed.com/viewjob?jk=415001254
Senior Cybersecurity Engineer,Splunk,"Minneapolis, MN (Hybrid)",Hybrid,$60 - $85 an hour,2026-04-14,Cybersecurity,"Investigate security alerts, perform forensic analysis, and produce incident reports. Strong knowledge of MITRE ATT&CK framework.",https://www.indeed.com/viewjob?jk=832077572
Senior Cybersecurity Engineer,IBM,"Boston, MA",On-site,$60 - $85 an hour,2026-04-28,Cybersecurity,"Develop and maintain security policies, procedures, and awareness programs. CISSP or CISM certification preferred.",https://www.indeed.com/viewjob?jk=765408938
Cybersecurity Consultant,Oracle,"San Jose, CA",On-site,"$110,000 - $150,000 a year",2026-04-15,Cybersecurity,Implement and manage cloud security controls across AWS and Azure environments. Knowledge of zero-trust architecture required.,https://www.indeed.com/viewjob?jk=593460064
Cloud Security Engineer,Stripe,"New York, NY (Hybrid)",Hybrid,$75 - $100 an hour,2026-04-18,Cybersecurity,Conduct vulnerability assessments and penetration tests on web applications and infrastructure. OSCP certification a plus.,https://www.indeed.com/viewjob?jk=179308612
Cybersecurity Consultant,Twilio,"Dallas, TX (Hybrid)",Hybrid,$75 - $100 an hour,2026-04-14,Cybersecurity,Implement and manage cloud security controls across AWS and Azure environments. Knowledge of zero-trust architecture required.,https://www.indeed.com/viewjob?jk=590523712
Network Security Engineer,Capital One,"Denver, CO",On-site,"$85,000 - $115,000 a year",2026-04-08,Cybersecurity,"Develop and maintain security policies, procedures, and awareness programs. CISSP or CISM certification preferred.",https://www.indeed.com/viewjob?jk=714097318
Penetration Tester,Amazon,"Washington, DC (Hybrid)",Hybrid,,2026-04-22,Cybersecurity,"Develop and maintain security policies, procedures, and awareness programs. CISSP or CISM certification preferred.",https://www.indeed.com/viewjob?jk=394721069
Cybersecurity Consultant,JPMorgan Chase,Remote,Remote,,2026-04-29,Cybersecurity,Implement and manage cloud security controls across AWS and Azure environments. Knowledge of zero-trust architecture required.,https://www.indeed.com/viewjob?jk=932945529
Cybersecurity Specialist,Datadog,"Columbus, OH",On-site,$75 - $100 an hour,2026-04-07,Cybersecurity,"Investigate security alerts, perform forensic analysis, and produce incident reports. Strong knowledge of MITRE ATT&CK framework.",https://www.indeed.com/viewjob?jk=369108475
Information Security Analyst,Cerner,"Chicago, IL",On-site,$75 - $100 an hour,2026-04-02,Cybersecurity,Implement and manage cloud security controls across AWS and Azure environments. Knowledge of zero-trust architecture required.,https://www.indeed.com/viewjob?jk=946764061
Cybersecurity Specialist,Salesforce,"Pittsburgh, PA (Hybrid)",Hybrid,"$85,000 - $115,000 a year",2026-04-30,Cybersecurity,Implement and manage cloud security controls across AWS and Azure environments. Knowledge of zero-trust architecture required.,https://www.indeed.com/viewjob?jk=450811990
Security Operations Center Analyst,Salesforce,"Boston, MA",On-site,,2026-04-18,Cybersecurity,Implement and manage cloud security controls across AWS and Azure environments. Knowledge of zero-trust architecture required.,https://www.indeed.com/viewjob?jk=669998399
Senior Cybersecurity Engineer,Snowflake,"Raleigh, NC (Hybrid)",Hybrid,,2026-04-16,Cybersecurity,Implement and manage cloud security controls across AWS and Azure environments. Knowledge of zero-trust architecture required.,https://www.indeed.com/viewjob?jk=901611993
Cloud Security Engineer,Apple,"Austin, TX",On-site,"$110,000 - $150,000 a year",2026-04-25,Cybersecurity,Conduct vulnerability assessments and penetration tests on web applications and infrastructure. OSCP certification a plus.,https://www.indeed.com/viewjob?jk=826197069
Application Security Engineer,Workday,"Phoenix, AZ",On-site,"$85,000 - $115,000 a year",2026-04-26,Cybersecurity,"Develop and maintain security policies, procedures, and awareness programs. CISSP or CISM certification preferred.",https://www.indeed.com/viewjob?jk=114945047
Cloud Security Engineer,Workday,"Austin, TX (Hybrid)",Hybrid,$75 - $100 an hour,2026-04-24,Cybersecurity,Implement and manage cloud security controls across AWS and Azure environments. Knowledge of zero-trust architecture required.,https://www.indeed.com/viewjob?jk=727666622
Information Security Analyst,Datadog,"Dallas, TX (Hybrid)",Hybrid,"$95,000 - $130,000 a year",2026-04-01,Cybersecurity,"Investigate security alerts, perform forensic analysis, and produce incident reports. Strong knowledge of MITRE ATT&CK framework.",https://www.indeed.com/viewjob?jk=702806585
Security Operations Center Analyst,Philips,"Columbus, OH (Hybrid)",Hybrid,"$85,000 - $115,000 a year",2026-04-21,Cybersecurity,"Develop and maintain security policies, procedures, and awareness programs. CISSP or CISM certification preferred.",https://www.indeed.com/viewjob?jk=852775879
Information Security Analyst,Salesforce,"Minneapolis, MN (Hybrid)",Hybrid,"$85,000 - $115,000 a year",2026-04-02,Cybersecurity,Implement and manage cloud security controls across AWS and Azure environments. Knowledge of zero-trust architecture required.,https://www.indeed.com/viewjob?jk=628951656
Application Security Engineer,Salesforce,Remote,Remote,"$95,000 - $130,000 a year",2026-04-15,Cybersecurity,Implement and manage cloud security controls across AWS and Azure environments. Knowledge of zero-trust architecture required.,https://www.indeed.com/viewjob?jk=819929088
Network Security Engineer,MITRE,"Nashville, TN",On-site,$75 - $100 an hour,2026-04-24,Cybersecurity,Conduct vulnerability assessments and penetration tests on web applications and infrastructure. OSCP certification a plus.,https://www.indeed.com/viewjob?jk=545478870
Cybersecurity Consultant,Lyft,"San Jose, CA",On-site,"$140,000 - $180,000 a year",2026-04-02,Cybersecurity,Implement and manage cloud security controls across AWS and Azure environments. Knowledge of zero-trust architecture required.,https://www.indeed.com/viewjob?jk=333291547
Cybersecurity Specialist,Accenture,"Atlanta, GA (Hybrid)",Hybrid,$75 - $100 an hour,2026-04-12,Cybersecurity,"Investigate security alerts, perform forensic analysis, and produce incident reports. Strong knowledge of MITRE ATT&CK framework.",https://www.indeed.com/viewjob?jk=792377512
Penetration Tester,CrowdStrike,"Phoenix, AZ (Hybrid)",Hybrid,"$85,000 - $115,000 a year",2026-04-28,Cybersecurity,"Develop and maintain security policies, procedures, and awareness programs. CISSP or CISM certification preferred.",https://www.indeed.com/viewjob?jk=198433586
Cybersecurity Analyst,Meta,"Columbus, OH",On-site,,2026-04-11,Cybersecurity,Conduct vulnerability assessments and penetration tests on web applications and infrastructure. OSCP certification a plus.,https://www.indeed.com/viewjob?jk=235209737
Information Security Analyst,Raytheon,"Denver, CO",On-site,"$110,000 - $150,000 a year",2026-04-19,Cybersecurity,Conduct vulnerability assessments and penetration tests on web applications and infrastructure. OSCP certification a plus.,https://www.indeed.com/viewjob?jk=973008988
Senior Cybersecurity Engineer,UnitedHealth Group,"Los Angeles, CA",On-site,"$85,000 - $115,000 a year",2026-04-09,Cybersecurity,Conduct vulnerability assessments and penetration tests on web applications and infrastructure. OSCP certification a plus.,https://www.indeed.com/viewjob?jk=239577989
Information Security Analyst,Amazon,"Boston, MA (Hybrid)",Hybrid,"$110,000 - $150,000 a year",2026-04-01,Cybersecurity,Implement and manage cloud security controls across AWS and Azure environments. Knowledge of zero-trust architecture required.,https://www.indeed.com/viewjob?jk=948239575
Cybersecurity Specialist,Amazon,"Pittsburgh, PA",On-site,"$110,000 - $150,000 a year",2026-04-09,Cybersecurity,Monitor and respond to security incidents using SIEM tools. Experience with Splunk or Microsoft Sentinel preferred.,https://www.indeed.com/viewjob?jk=236105947
Information Security Analyst,Apple,"Charlotte, NC",On-site,"$95,000 - $130,000 a year",2026-04-15,Cybersecurity,Implement and manage cloud security controls across AWS and Azure environments. Knowledge of zero-trust architecture required.,https://www.indeed.com/viewjob?jk=651085057
Application Security Engineer,Datadog,"Portland, OR (Hybrid)",Hybrid,$60 - $85 an hour,2026-04-02,Cybersecurity,"Investigate security alerts, perform forensic analysis, and produce incident reports. Strong knowledge of MITRE ATT&CK framework.",https://www.indeed.com/viewjob?jk=423873102
Cybersecurity Analyst,Capital One,"New York, NY (Hybrid)",Hybrid,,2026-04-13,Cybersecurity,"Develop and maintain security policies, procedures, and awareness programs. CISSP or CISM certification preferred.",https://www.indeed.com/viewjob?jk=836691577
Information Security Analyst,IBM,Remote,Remote,"$140,000 - $180,000 a year",2026-04-20,Cybersecurity,Conduct vulnerability assessments and penetration tests on web applications and infrastructure. OSCP certification a plus.,https://www.indeed.com/viewjob?jk=170525764
Cybersecurity Consultant,Raytheon,Remote,Remote,$75 - $100 an hour,2026-04-11,Cybersecurity,"Develop and maintain security policies, procedures, and awareness programs. CISSP or CISM certification preferred.",https://www.indeed.com/viewjob?jk=741444618
DevOps Engineer II,UnitedHealth Group,"Portland, OR (Hybrid)",Hybrid,"$100,000 - $140,000 a year",2026-04-04,DevOps,"Design and maintain CI/CD pipelines using Jenkins, GitHub Actions, and ArgoCD. Experience with Terraform and Kubernetes required.",https://www.indeed.com/viewjob?jk=802992685
Platform Engineer,Airbnb,"Nashville, TN (Hybrid)",Hybrid,"$100,000 - $140,000 a year",2026-04-29,DevOps,"Manage cloud infrastructure on AWS using Infrastructure as Code (Terraform, CloudFormation). Strong scripting skills in Python or Bash.",https://www.indeed.com/viewjob?jk=544328940
Infrastructure Engineer,Lyft,Remote,Remote,$70 - $100 an hour,2026-04-04,DevOps,"Build and operate Kubernetes clusters at scale. Experience with Helm, Prometheus, and Grafana for observability.",https://www.indeed.com/viewjob?jk=558234365
DevOps Architect,Oracle,Remote,Remote,$70 - $100 an hour,2026-04-30,DevOps,Partner with development teams to improve deployment frequency and reduce MTTR. Expertise in GitOps workflows preferred.,https://www.indeed.com/viewjob?jk=172083844
Senior DevOps Engineer,Airbnb,Remote,Remote,"$90,000 - $120,000 a year",2026-04-24,DevOps,"Build and operate Kubernetes clusters at scale. Experience with Helm, Prometheus, and Grafana for observability.",https://www.indeed.com/viewjob?jk=971630639
Principal Site Reliability Engineer,Raytheon,Remote,Remote,$55 - $80 an hour,2026-04-11,DevOps,"Design and maintain CI/CD pipelines using Jenkins, GitHub Actions, and ArgoCD. Experience with Terraform and Kubernetes required.",https://www.indeed.com/viewjob?jk=541102414
DevOps Engineer,Stripe,Remote,Remote,$55 - $80 an hour,2026-04-10,DevOps,"Build and operate Kubernetes clusters at scale. Experience with Helm, Prometheus, and Grafana for observability.",https://www.indeed.com/viewjob?jk=211240259
Site Reliability Engineer,Capital One,"Denver, CO (Hybrid)",Hybrid,"$115,000 - $155,000 a year",2026-04-28,DevOps,"Design and maintain CI/CD pipelines using Jenkins, GitHub Actions, and ArgoCD. Experience with Terraform and Kubernetes required.",https://www.indeed.com/viewjob?jk=475932035
Senior DevOps Engineer,Databricks,"Dallas, TX",On-site,$55 - $80 an hour,2026-04-08,DevOps,Partner with development teams to improve deployment frequency and reduce MTTR. Expertise in GitOps workflows preferred.,https://www.indeed.com/viewjob?jk=702332331
Principal Site Reliability Engineer,Philips,"Columbus, OH",On-site,$55 - $80 an hour,2026-04-01,DevOps,"Automate operational tasks, manage on-call rotations, and drive reliability improvements. Experience with Datadog or PagerDuty.",https://www.indeed.com/viewjob?jk=806340901
DevOps Engineer,Palo Alto Networks,"Raleigh, NC",On-site,"$140,000 - $180,000 a year",2026-04-23,DevOps,"Build and operate Kubernetes clusters at scale. Experience with Helm, Prometheus, and Grafana for observability.",https://www.indeed.com/viewjob?jk=464883950
Site Reliability Engineer,Booz Allen Hamilton,Remote,Remote,$70 - $100 an hour,2026-04-13,DevOps,"Design and maintain CI/CD pipelines using Jenkins, GitHub Actions, and ArgoCD. Experience with Terraform and Kubernetes required.",https://www.indeed.com/viewjob?jk=252336745
Senior DevOps Engineer,Goldman Sachs,"New York, NY (Hybrid)",Hybrid,"$115,000 - $155,000 a year",2026-04-13,DevOps,Partner with development teams to improve deployment frequency and reduce MTTR. Expertise in GitOps workflows preferred.,https://www.indeed.com/viewjob?jk=587098457
Cloud DevOps Engineer,GitHub,Remote,Remote,,2026-04-19,DevOps,"Automate operational tasks, manage on-call rotations, and drive reliability improvements. Experience with Datadog or PagerDuty.",https://www.indeed.com/viewjob?jk=191221925
Site Reliability Engineer,Epic Systems,"Chicago, IL",On-site,"$90,000 - $120,000 a year",2026-04-22,DevOps,"Design and maintain CI/CD pipelines using Jenkins, GitHub Actions, and ArgoCD. Experience with Terraform and Kubernetes required.",https://www.indeed.com/viewjob?jk=392168202
Release Engineer,UnitedHealth Group,Remote,Remote,"$100,000 - $140,000 a year",2026-04-14,DevOps,"Build and operate Kubernetes clusters at scale. Experience with Helm, Prometheus, and Grafana for observability.",https://www.indeed.com/viewjob?jk=331465414
DevOps Architect,Airbnb,"Austin, TX (Hybrid)",Hybrid,"$90,000 - $120,000 a year",2026-04-10,DevOps,"Automate operational tasks, manage on-call rotations, and drive reliability improvements. Experience with Datadog or PagerDuty.",https://www.indeed.com/viewjob?jk=622517939
DevOps Engineer,Datadog,"Washington, DC (Hybrid)",Hybrid,"$100,000 - $140,000 a year",2026-04-20,DevOps,"Design and maintain CI/CD pipelines using Jenkins, GitHub Actions, and ArgoCD. Experience with Terraform and Kubernetes required.",https://www.indeed.com/viewjob?jk=108253947
Site Reliability Engineer,Snowflake,Remote,Remote,"$140,000 - $180,000 a year",2026-04-11,DevOps,"Design and maintain CI/CD pipelines using Jenkins, GitHub Actions, and ArgoCD. Experience with Terraform and Kubernetes required.",https://www.indeed.com/viewjob?jk=108299923
Site Reliability Engineer,Salesforce,"Minneapolis, MN (Hybrid)",Hybrid,"$100,000 - $140,000 a year",2026-04-18,DevOps,"Manage cloud infrastructure on AWS using Infrastructure as Code (Terraform, CloudFormation). Strong scripting skills in Python or Bash.",https://www.indeed.com/viewjob?jk=637152602
Senior DevOps Engineer,Uber,"Dallas, TX (Hybrid)",Hybrid,,2026-04-24,DevOps,"Design and maintain CI/CD pipelines using Jenkins, GitHub Actions, and ArgoCD. Experience with Terraform and Kubernetes required.",https://www.indeed.com/viewjob?jk=568387228
DevOps Architect,Booz Allen Hamilton,Remote,Remote,"$100,000 - $140,000 a year",2026-04-19,DevOps,Partner with development teams to improve deployment frequency and reduce MTTR. Expertise in GitOps workflows preferred.,https://www.indeed.com/viewjob?jk=861818706
Senior DevOps Engineer,Uber,"Washington, DC (Hybrid)",Hybrid,"$90,000 - $120,000 a year",2026-04-11,DevOps,"Manage cloud infrastructure on AWS using Infrastructure as Code (Terraform, CloudFormation). Strong scripting skills in Python or Bash.",https://www.indeed.com/viewjob?jk=960413104
DevOps Architect,IBM,"Portland, OR",On-site,"$100,000 - $140,000 a year",2026-04-28,DevOps,"Design and maintain CI/CD pipelines using Jenkins, GitHub Actions, and ArgoCD. Experience with Terraform and Kubernetes required.",https://www.indeed.com/viewjob?jk=361259074
DevOps Engineer II,IBM,Remote,Remote,"$100,000 - $140,000 a year",2026-04-28,DevOps,"Build and operate Kubernetes clusters at scale. Experience with Helm, Prometheus, and Grafana for observability.",https://www.indeed.com/viewjob?jk=900801837
Site Reliability Engineer,Apple,Remote,Remote,$55 - $80 an hour,2026-04-21,DevOps,"Design and maintain CI/CD pipelines using Jenkins, GitHub Actions, and ArgoCD. Experience with Terraform and Kubernetes required.",https://www.indeed.com/viewjob?jk=669732591
DevOps Architect,Philips,"Dallas, TX (Hybrid)",Hybrid,,2026-04-05,DevOps,"Manage cloud infrastructure on AWS using Infrastructure as Code (Terraform, CloudFormation). Strong scripting skills in Python or Bash.",https://www.indeed.com/viewjob?jk=210385522
Site Reliability Engineer,UnitedHealth Group,Remote,Remote,"$115,000 - $155,000 a year",2026-04-25,DevOps,"Design and maintain CI/CD pipelines using Jenkins, GitHub Actions, and ArgoCD. Experience with Terraform and Kubernetes required.",https://www.indeed.com/viewjob?jk=290209201
Release Engineer,Booz Allen Hamilton,"San Jose, CA",On-site,,2026-04-19,DevOps,Partner with development teams to improve deployment frequency and reduce MTTR. Expertise in GitOps workflows preferred.,https://www.indeed.com/viewjob?jk=831361497
Principal Site Reliability Engineer,GitHub,"Pittsburgh, PA",On-site,,2026-04-21,DevOps,"Build and operate Kubernetes clusters at scale. Experience with Helm, Prometheus, and Grafana for observability.",https://www.indeed.com/viewjob?jk=262089272
Release Engineer,Cerner,Remote,Remote,"$140,000 - $180,000 a year",2026-04-26,DevOps,"Build and operate Kubernetes clusters at scale. Experience with Helm, Prometheus, and Grafana for observability.",https://www.indeed.com/viewjob?jk=735032128
Senior DevOps Engineer,Twilio,Remote,Remote,"$100,000 - $140,000 a year",2026-04-15,DevOps,"Design and maintain CI/CD pipelines using Jenkins, GitHub Actions, and ArgoCD. Experience with Terraform and Kubernetes required.",https://www.indeed.com/viewjob?jk=161085229
Senior DevOps Engineer,Philips,Remote,Remote,,2026-04-28,DevOps,"Design and maintain CI/CD pipelines using Jenkins, GitHub Actions, and ArgoCD. Experience with Terraform and Kubernetes required.",https://www.indeed.com/viewjob?jk=760360225
Release Engineer,MITRE,"Phoenix, AZ (Hybrid)",Hybrid,$55 - $80 an hour,2026-04-26,DevOps,"Design and maintain CI/CD pipelines using Jenkins, GitHub Actions, and ArgoCD. Experience with Terraform and Kubernetes required.",https://www.indeed.com/viewjob?jk=582897882
Platform Engineer,GitHub,"Pittsburgh, PA",On-site,$55 - $80 an hour,2026-04-16,DevOps,"Automate operational tasks, manage on-call rotations, and drive reliability improvements. Experience with Datadog or PagerDuty.",https://www.indeed.com/viewjob?jk=261985842
Senior DevOps Engineer,Atlassian,"Portland, OR",On-site,$70 - $100 an hour,2026-04-03,DevOps,"Automate operational tasks, manage on-call rotations, and drive reliability improvements. Experience with Datadog or PagerDuty.",https://www.indeed.com/viewjob?jk=793773681
Release Engineer,DoorDash,Remote,Remote,$55 - $80 an hour,2026-04-17,DevOps,"Automate operational tasks, manage on-call rotations, and drive reliability improvements. Experience with Datadog or PagerDuty.",https://www.indeed.com/viewjob?jk=270452446
Infrastructure Engineer,Lyft,Remote,Remote,,2026-04-11,DevOps,"Automate operational tasks, manage on-call rotations, and drive reliability improvements. Experience with Datadog or PagerDuty.",https://www.indeed.com/viewjob?jk=156227043
Senior DevOps Engineer,Atlassian,"Los Angeles, CA (Hybrid)",Hybrid,"$90,000 - $120,000 a year",2026-04-18,DevOps,Partner with development teams to improve deployment frequency and reduce MTTR. Expertise in GitOps workflows preferred.,https://www.indeed.com/viewjob?jk=405100495
Site Reliability Engineer,Atlassian,Remote,Remote,"$90,000 - $120,000 a year",2026-04-19,DevOps,"Manage cloud infrastructure on AWS using Infrastructure as Code (Terraform, CloudFormation). Strong scripting skills in Python or Bash.",https://www.indeed.com/viewjob?jk=475617211
Site Reliability Engineer,UnitedHealth Group,Remote,Remote,$70 - $100 an hour,2026-04-03,DevOps,"Build and operate Kubernetes clusters at scale. Experience with Helm, Prometheus, and Grafana for observability.",https://www.indeed.com/viewjob?jk=700138002
Site Reliability Engineer,Goldman Sachs,Remote,Remote,"$90,000 - $120,000 a year",2026-04-21,DevOps,Partner with development teams to improve deployment frequency and reduce MTTR. Expertise in GitOps workflows preferred.,https://www.indeed.com/viewjob?jk=645985356
Cloud DevOps Engineer,Palo Alto Networks,Remote,Remote,"$115,000 - $155,000 a year",2026-04-11,DevOps,Partner with development teams to improve deployment frequency and reduce MTTR. Expertise in GitOps workflows preferred.,https://www.indeed.com/viewjob?jk=306164050
Site Reliability Engineer,Apple,Remote,Remote,"$140,000 - $180,000 a year",2026-04-28,DevOps,"Design and maintain CI/CD pipelines using Jenkins, GitHub Actions, and ArgoCD. Experience with Terraform and Kubernetes required.",https://www.indeed.com/viewjob?jk=645127678
DevOps Engineer,Atlassian,"Charlotte, NC (Hybrid)",Hybrid,,2026-04-20,DevOps,"Manage cloud infrastructure on AWS using Infrastructure as Code (Terraform, CloudFormation). Strong scripting skills in Python or Bash.",https://www.indeed.com/viewjob?jk=741288486
Site Reliability Engineer,Epic Systems,Remote,Remote,,2026-04-29,DevOps,"Manage cloud infrastructure on AWS using Infrastructure as Code (Terraform, CloudFormation). Strong scripting skills in Python or Bash.",https://www.indeed.com/viewjob?jk=874364348
DevOps Architect,Splunk,Remote,Remote,"$100,000 - $140,000 a year",2026-04-20,DevOps,"Build and operate Kubernetes clusters at scale. Experience with Helm, Prometheus, and Grafana for observability.",https://www.indeed.com/viewjob?jk=907873857
Platform Engineer,Lockheed Martin,"Portland, OR (Hybrid)",Hybrid,"$115,000 - $155,000 a year",2026-04-10,DevOps,Partner with development teams to improve deployment frequency and reduce MTTR. Expertise in GitOps workflows preferred.,https://www.indeed.com/viewjob?jk=996696177
Release Engineer,Robinhood,Remote,Remote,,2026-04-10,DevOps,Partner with development teams to improve deployment frequency and reduce MTTR. Expertise in GitOps workflows preferred.,https://www.indeed.com/viewjob?jk=639991949
Platform Engineer,UnitedHealth Group,"Boston, MA (Hybrid)",Hybrid,"$115,000 - $155,000 a year",2026-04-28,DevOps,"Build and operate Kubernetes clusters at scale. Experience with Helm, Prometheus, and Grafana for observability.",https://www.indeed.com/viewjob?jk=156027635
DevOps Engineer II,Accenture,"Dallas, TX (Hybrid)",Hybrid,$70 - $100 an hour,2026-04-28,DevOps,"Automate operational tasks, manage on-call rotations, and drive reliability improvements. Experience with Datadog or PagerDuty.",https://www.indeed.com/viewjob?jk=233871736
Cloud DevOps Engineer,DoorDash,Remote,Remote,$55 - $80 an hour,2026-04-05,DevOps,Partner with development teams to improve deployment frequency and reduce MTTR. Expertise in GitOps workflows preferred.,https://www.indeed.com/viewjob?jk=198476695
Release Engineer,ServiceNow,"Atlanta, GA",On-site,"$90,000 - $120,000 a year",2026-04-14,DevOps,"Design and maintain CI/CD pipelines using Jenkins, GitHub Actions, and ArgoCD. Experience with Terraform and Kubernetes required.",https://www.indeed.com/viewjob?jk=525689202
Infrastructure Engineer,IBM,"Atlanta, GA (Hybrid)",Hybrid,"$140,000 - $180,000 a year",2026-04-08,DevOps,"Design and maintain CI/CD pipelines using Jenkins, GitHub Actions, and ArgoCD. Experience with Terraform and Kubernetes required.",https://www.indeed.com/viewjob?jk=442185272
Site Reliability Engineer,Salesforce,"Los Angeles, CA",On-site,"$90,000 - $120,000 a year",2026-04-10,DevOps,Partner with development teams to improve deployment frequency and reduce MTTR. Expertise in GitOps workflows preferred.,https://www.indeed.com/viewjob?jk=847401602
Release Engineer,Epic Systems,"San Jose, CA",On-site,"$90,000 - $120,000 a year",2026-04-29,DevOps,"Design and maintain CI/CD pipelines using Jenkins, GitHub Actions, and ArgoCD. Experience with Terraform and Kubernetes required.",https://www.indeed.com/viewjob?jk=120405269
DevOps Engineer II,UnitedHealth Group,Remote,Remote,$55 - $80 an hour,2026-04-14,DevOps,"Design and maintain CI/CD pipelines using Jenkins, GitHub Actions, and ArgoCD. Experience with Terraform and Kubernetes required.",https://www.indeed.com/viewjob?jk=933409017
Senior DevOps Engineer,Meta,Remote,Remote,"$115,000 - $155,000 a year",2026-04-14,DevOps,"Automate operational tasks, manage on-call rotations, and drive reliability improvements. Experience with Datadog or PagerDuty.",https://www.indeed.com/viewjob?jk=590822013
Principal Site Reliability Engineer,Lockheed Martin,Remote,Remote,"$90,000 - $120,000 a year",2026-04-21,DevOps,"Automate operational tasks, manage on-call rotations, and drive reliability improvements. Experience with Datadog or PagerDuty.",https://www.indeed.com/viewjob?jk=717452511
Cloud DevOps Engineer,Airbnb,Remote,Remote,"$90,000 - $120,000 a year",2026-04-20,DevOps,"Build and operate Kubernetes clusters at scale. Experience with Helm, Prometheus, and Grafana for observability.",https://www.indeed.com/viewjob?jk=358303887
